,mean_fit_time,std_fit_time,mean_score_time,std_score_time,param_max_depth,param_min_samples_leaf,param_n_estimators,param_split_criterion,params,split0_test_accuracy,split1_test_accuracy,split2_test_accuracy,split3_test_accuracy,split4_test_accuracy,mean_test_accuracy,std_test_accuracy,rank_test_accuracy,split0_test_precision_macro,split1_test_precision_macro,split2_test_precision_macro,split3_test_precision_macro,split4_test_precision_macro,mean_test_precision_macro,std_test_precision_macro,rank_test_precision_macro,split0_test_recall_macro,split1_test_recall_macro,split2_test_recall_macro,split3_test_recall_macro,split4_test_recall_macro,mean_test_recall_macro,std_test_recall_macro,rank_test_recall_macro,split0_test_f1_score_macro,split1_test_f1_score_macro,split2_test_f1_score_macro,split3_test_f1_score_macro,split4_test_f1_score_macro,mean_test_f1_score_macro,std_test_f1_score_macro,rank_test_f1_score_macro,split0_test_precision_weighted,split1_test_precision_weighted,split2_test_precision_weighted,split3_test_precision_weighted,split4_test_precision_weighted,mean_test_precision_weighted,std_test_precision_weighted,rank_test_precision_weighted,split0_test_recall_weighted,split1_test_recall_weighted,split2_test_recall_weighted,split3_test_recall_weighted,split4_test_recall_weighted,mean_test_recall_weighted,std_test_recall_weighted,rank_test_recall_weighted,split0_test_f1_score_weighted,split1_test_f1_score_weighted,split2_test_f1_score_weighted,split3_test_f1_score_weighted,split4_test_f1_score_weighted,mean_test_f1_score_weighted,std_test_f1_score_weighted,rank_test_f1_score_weighted
0,0.19636363983154298,0.06148702009912091,0.023204803466796875,0.004860709866933094,10,2,10,0,"{'max_depth': 10, 'min_samples_leaf': 2, 'n_estimators': 10, 'split_criterion': 0}",0.9879518072289156,1.0,1.0,0.9919678714859438,1.0,0.9959839357429718,0.0050799641127202986,7,0.9770574162679426,1.0,1.0,0.9953703703703703,1.0,0.9944855573276626,0.008896631147547143,58,0.9754784688995215,1.0,1.0,0.9895833333333333,1.0,0.9930123604465709,0.009650667327319389,13,0.976128017481401,1.0,1.0,0.9922067268252666,1.0,0.9936669488613334,0.009274362215478667,19,0.9881124497991968,1.0,1.0,0.9922653577272051,1.0,0.9960755615052804,0.0049826188569975175,19,0.9879518072289156,1.0,1.0,0.9919678714859438,1.0,0.9959839357429718,0.0050799641127202986,7,0.9879385163378278,1.0,1.0,0.9918690347938103,1.0,0.9959615102263276,0.0050999016668330475,7
1,0.10198054313659669,0.02274948351436737,0.013253068923950196,0.0009567875781511958,10,2,10,1,"{'max_depth': 10, 'min_samples_leaf': 2, 'n_estimators': 10, 'split_criterion': 1}",0.9959839357429718,0.9959839357429718,1.0,0.9839357429718876,1.0,0.9951807228915662,0.005902384922369093,22,0.995,0.993421052631579,1.0,0.9912720097146326,1.0,0.9959386124692422,0.003520966331078777,34,0.993421052631579,0.9886363636363636,1.0,0.9618055555555556,1.0,0.9887725943646997,0.014148902288186828,55,0.9940706012134584,0.9906692406692407,1.0,0.9744983934919333,1.0,0.9918476470749266,0.009383479984269024,55,0.996144578313253,0.9961953075459734,1.0,0.9844965776890195,1.0,0.9953672927096491,0.00569888024465552,34,0.9959839357429718,0.9959839357429718,1.0,0.9839357429718876,1.0,0.9951807228915662,0.005902384922369093,22,0.995970644851884,0.9959425863040321,1.0,0.9834018326519093,1.0,0.995063012761565,0.006104559822997155,55
2,0.5988489151000976,0.015250554120612856,0.01401968002319336,0.0009341098678206362,10,2,50,0,"{'max_depth': 10, 'min_samples_leaf': 2, 'n_estimators': 50, 'split_criterion': 0}",0.9959839357429718,1.0,1.0,0.9879518072289156,1.0,0.9967871485943774,0.004683495497867727,1,0.995,1.0,1.0,0.993287037037037,1.0,0.9976574074074074,0.0029197661367912396,1,0.993421052631579,1.0,1.0,0.9756944444444444,1.0,0.9938230994152046,0.009415647350750013,1,0.9940706012134584,1.0,1.0,0.9838033654807288,1.0,0.9955747933388374,0.00631785517008267,1,0.996144578313253,1.0,1.0,0.9883162278744607,1.0,0.9968921612375429,0.004540517560741475,1,0.9959839357429718,1.0,1.0,0.9879518072289156,1.0,0.9967871485943774,0.004683495497867727,1,0.995970644851884,1.0,1.0,0.9877517252193779,1.0,0.9967444740142524,0.004759489274951287,1
3,0.5599216461181641,0.00250834560730025,0.014509916305541992,0.0007890719534069333,10,2,50,1,"{'max_depth': 10, 'min_samples_leaf': 2, 'n_estimators': 50, 'split_criterion': 1}",0.9919678714859438,1.0,1.0,0.9839357429718876,1.0,0.9951807228915662,0.0064257028112449715,22,0.98875,1.0,1.0,0.9910940545808966,1.0,0.9959688109161793,0.004992513127884061,22,0.9820574162679425,1.0,1.0,0.9643308080808081,1.0,0.98927764486975,0.014278536797964005,43,0.9849130920559492,1.0,1.0,0.9767447898380823,1.0,0.9923315763788063,0.00974059532900135,40,0.9923293172690762,1.0,1.0,0.9843706208850999,1.0,0.9953399876308353,0.00623760031858286,43,0.9919678714859438,1.0,1.0,0.9839357429718876,1.0,0.9951807228915662,0.0064257028112449715,22,0.991910448020603,1.0,1.0,0.9836578105806292,1.0,0.9951136517202464,0.006528797878487407,37
4,1.1862932682037353,0.020035545081085886,0.020960235595703126,0.002916678739246635,10,2,100,0,"{'max_depth': 10, 'min_samples_leaf': 2, 'n_estimators': 100, 'split_criterion': 0}",0.9959839357429718,1.0,1.0,0.9879518072289156,1.0,0.9967871485943774,0.004683495497867727,1,0.995,1.0,1.0,0.993287037037037,1.0,0.9976574074074074,0.0029197661367912396,1,0.993421052631579,1.0,1.0,0.9756944444444444,1.0,0.9938230994152046,0.009415647350750013,1,0.9940706012134584,1.0,1.0,0.9838033654807288,1.0,0.9955747933388374,0.00631785517008267,1,0.996144578313253,1.0,1.0,0.9883162278744607,1.0,0.9968921612375429,0.004540517560741475,1,0.9959839357429718,1.0,1.0,0.9879518072289156,1.0,0.9967871485943774,0.004683495497867727,1,0.995970644851884,1.0,1.0,0.9877517252193779,1.0,0.9967444740142524,0.004759489274951287,1
5,1.1168212890625,0.021112833768250693,0.017972707748413086,0.0016647222607676058,10,2,100,1,"{'max_depth': 10, 'min_samples_leaf': 2, 'n_estimators': 100, 'split_criterion': 1}",0.9919678714859438,1.0,1.0,0.9839357429718876,1.0,0.9951807228915662,0.0064257028112449715,22,0.98875,1.0,1.0,0.9910940545808966,1.0,0.9959688109161793,0.004992513127884061,22,0.9820574162679425,1.0,1.0,0.9643308080808081,1.0,0.98927764486975,0.014278536797964005,43,0.9849130920559492,1.0,1.0,0.9767447898380823,1.0,0.9923315763788063,0.00974059532900135,40,0.9923293172690762,1.0,1.0,0.9843706208850999,1.0,0.9953399876308353,0.00623760031858286,43,0.9919678714859438,1.0,1.0,0.9839357429718876,1.0,0.9951807228915662,0.0064257028112449715,22,0.991910448020603,1.0,1.0,0.9836578105806292,1.0,0.9951136517202464,0.006528797878487407,37
6,2.293042707443237,0.027937283801302525,0.028763437271118165,0.0044956159040362865,10,2,200,0,"{'max_depth': 10, 'min_samples_leaf': 2, 'n_estimators': 200, 'split_criterion': 0}",0.9959839357429718,0.9959839357429718,1.0,0.9879518072289156,1.0,0.9959839357429718,0.004399377971929059,7,0.995,0.993421052631579,1.0,0.993287037037037,1.0,0.9963416179337232,0.0030472158933783477,13,0.993421052631579,0.9886363636363636,1.0,0.9756944444444444,1.0,0.9915503721424773,0.00901325419693134,16,0.9940706012134584,0.9906692406692407,1.0,0.9838033654807288,1.0,0.9937086414726857,0.0061097602050028356,16,0.996144578313253,0.9961953075459734,1.0,0.9883162278744607,1.0,0.9961312227467374,0.004266457663145976,13,0.9959839357429718,0.9959839357429718,1.0,0.9879518072289156,1.0,0.9959839357429718,0.004399377971929059,7,0.995970644851884,0.9959425863040321,1.0,0.9877517252193779,1.0,0.9959329912750589,0.004472487989201546,16
7,2.2382225513458254,0.021335845962301724,0.018512678146362305,0.004025816953495325,10,2,200,1,"{'max_depth': 10, 'min_samples_leaf': 2, 'n_estimators': 200, 'split_criterion': 1}",0.9919678714859438,1.0,1.0,0.9839357429718876,1.0,0.9951807228915662,0.0064257028112449715,22,0.98875,1.0,1.0,0.9910940545808966,1.0,0.9959688109161793,0.004992513127884061,22,0.9820574162679425,1.0,1.0,0.9643308080808081,1.0,0.98927764486975,0.014278536797964005,43,0.9849130920559492,1.0,1.0,0.9767447898380823,1.0,0.9923315763788063,0.00974059532900135,40,0.9923293172690762,1.0,1.0,0.9843706208850999,1.0,0.9953399876308353,0.00623760031858286,43,0.9919678714859438,1.0,1.0,0.9839357429718876,1.0,0.9951807228915662,0.0064257028112449715,22,0.991910448020603,1.0,1.0,0.9836578105806292,1.0,0.9951136517202464,0.006528797878487407,37
8,0.12419795989990234,0.006415212365173952,0.023149824142456053,0.004950712598018412,10,10,10,0,"{'max_depth': 10, 'min_samples_leaf': 10, 'n_estimators': 10, 'split_criterion': 0}",0.9879518072289156,0.9959839357429718,1.0,0.9879518072289156,0.9959839357429718,0.9935742971887549,0.004819277108433743,61,0.9770574162679426,0.993421052631579,1.0,0.993287037037037,0.9976415094339622,0.9922814030741043,0.008029786469749702,64,0.9754784688995215,0.993421052631579,1.0,0.9756944444444444,0.9945652173913043,0.9878318366733699,0.01024269432462409,61,0.976128017481401,0.9932432432432432,1.0,0.9838033654807288,0.996031746031746,0.9898412744474239,0.008690279584488224,61,0.9881124497991968,0.9961953075459734,1.0,0.9883162278744607,0.9960597105402743,0.993736739151981,0.004726177404682606,61,0.9879518072289156,0.9959839357429718,1.0,0.9879518072289156,0.9959839357429718,0.9935742971887549,0.004819277108433743,61,0.9879385163378278,0.9959839357429718,1.0,0.9877517252193779,0.9959584369222924,0.9935265228444938,0.004866890075763927,61
9,0.12576937675476074,0.005992794064562296,0.022056961059570314,0.0060617720887736525,10,10,10,1,"{'max_depth': 10, 'min_samples_leaf': 10, 'n_estimators': 10, 'split_criterion': 1}",0.9919678714859438,1.0,1.0,0.9839357429718876,1.0,0.9951807228915662,0.0064257028112449715,22,0.9845833333333334,1.0,1.0,0.9912720097146326,1.0,0.9951710686095933,0.006281059363933712,40,0.9868421052631579,1.0,1.0,0.9618055555555556,1.0,0.9897295321637427,0.014862928597336324,40,0.9852574402263844,1.0,1.0,0.9744983934919333,1.0,0.9919511667436636,0.010428388362823456,52,0.9924631860776439,1.0,1.0,0.9844965776890195,1.0,0.9953919527533326,0.006180439633476507,22,0.9919678714859438,1.0,1.0,0.9839357429718876,1.0,0.9951807228915662,0.0064257028112449715,22,0.9919876152009655,1.0,1.0,0.9834018326519093,1.0,0.995077889570575,0.006611529536888576,52
10,0.5859652519226074,0.010468342348028093,0.016608142852783205,0.0025360729416688847,10,10,50,0,"{'max_depth': 10, 'min_samples_leaf': 10, 'n_estimators': 50, 'split_criterion': 0}",0.9959839357429718,0.9959839357429718,1.0,0.9919678714859438,0.9959839357429718,0.9959839357429718,0.0025399820563601406,7,0.995,0.993421052631579,1.0,0.9953703703703703,0.9976415094339622,0.9962865864871823,0.0022948332030107463,16,0.993421052631579,0.9886363636363636,1.0,0.9895833333333333,0.9945652173913043,0.9932411933985161,0.00405095674991288,7,0.9940706012134584,0.9906692406692407,1.0,0.9922067268252666,0.996031746031746,0.9945956629479422,0.003245572095324945,7,0.996144578313253,0.9961953075459734,1.0,0.9922653577272051,0.9960597105402743,0.9961329908253411,0.0024462924347844754,7,0.9959839357429718,0.9959839357429718,1.0,0.9919678714859438,0.9959839357429718,0.9959839357429718,0.0025399820563601406,7,0.995970644851884,0.9959425863040321,1.0,0.9918690347938103,0.9959584369222924,0.9959481405744037,0.0025712764177065195,10
11,0.5522839069366455,0.01588887869751821,0.01573209762573242,0.0034163536359983634,10,10,50,1,"{'max_depth': 10, 'min_samples_leaf': 10, 'n_estimators': 50, 'split_criterion': 1}",0.9919678714859438,1.0,1.0,0.9839357429718876,1.0,0.9951807228915662,0.0064257028112449715,22,0.9845833333333334,1.0,1.0,0.9910940545808966,1.0,0.9951354775828459,0.006303516212150003,43,0.9868421052631579,1.0,1.0,0.9643308080808081,1.0,0.990234582668793,0.013918366052168575,34,0.9852574402263844,1.0,1.0,0.9767447898380823,1.0,0.9924004460128935,0.009688981002549696,37,0.9924631860776439,1.0,1.0,0.9843706208850999,1.0,0.9953667613925488,0.006224894467372332,37,0.9919678714859438,1.0,1.0,0.9839357429718876,1.0,0.9951807228915662,0.0064257028112449715,22,0.9919876152009655,1.0,1.0,0.9836578105806292,1.0,0.995129085156319,0.0065212944744802385,31
12,1.1635589122772216,0.02012787672987629,0.01762089729309082,0.0024979389068465335,10,10,100,0,"{'max_depth': 10, 'min_samples_leaf': 10, 'n_estimators': 100, 'split_criterion': 0}",0.9959839357429718,0.9959839357429718,1.0,0.9919678714859438,0.9959839357429718,0.9959839357429718,0.0025399820563601406,7,0.995,0.993421052631579,1.0,0.9953703703703703,0.9976415094339622,0.9962865864871823,0.0022948332030107463,16,0.993421052631579,0.9886363636363636,1.0,0.9895833333333333,0.9945652173913043,0.9932411933985161,0.00405095674991288,7,0.9940706012134584,0.9906692406692407,1.0,0.9922067268252666,0.996031746031746,0.9945956629479422,0.003245572095324945,7,0.996144578313253,0.9961953075459734,1.0,0.9922653577272051,0.9960597105402743,0.9961329908253411,0.0024462924347844754,7,0.9959839357429718,0.9959839357429718,1.0,0.9919678714859438,0.9959839357429718,0.9959839357429718,0.0025399820563601406,7,0.995970644851884,0.9959425863040321,1.0,0.9918690347938103,0.9959584369222924,0.9959481405744037,0.0025712764177065195,10
13,1.1110725402832031,0.01751790944101125,0.02222294807434082,0.005127281040731189,10,10,100,1,"{'max_depth': 10, 'min_samples_leaf': 10, 'n_estimators': 100, 'split_criterion': 1}",0.9959839357429718,1.0,1.0,0.9839357429718876,1.0,0.9959839357429718,0.006221659993907488,7,0.995,1.0,1.0,0.9910940545808966,1.0,0.9972188109161794,0.0036232802874807284,7,0.993421052631579,1.0,1.0,0.9643308080808081,1.0,0.9915503721424773,0.013846246754925986,16,0.9940706012134584,1.0,1.0,0.9767447898380823,1.0,0.9941630782103081,0.009006822855479086,13,0.996144578313253,1.0,1.0,0.9843706208850999,1.0,0.9961030398396705,0.006053268132900476,16,0.9959839357429718,1.0,1.0,0.9839357429718876,1.0,0.9959839357429718,0.006221659993907488,7,0.995970644851884,1.0,1.0,0.9836578105806292,1.0,0.9959256910865026,0.0063293426564726965,19
14,2.3003270626068115,0.041581494869518926,0.026751375198364256,0.005241302634501304,10,10,200,0,"{'max_depth': 10, 'min_samples_leaf': 10, 'n_estimators': 200, 'split_criterion': 0}",0.9959839357429718,0.9959839357429718,1.0,0.9879518072289156,0.9959839357429718,0.9951807228915662,0.003934923281579411,22,0.995,0.993421052631579,1.0,0.993287037037037,0.9976415094339622,0.9958699198205156,0.002593109582096683,37,0.993421052631579,0.9886363636363636,1.0,0.9756944444444444,0.9945652173913043,0.9904634156207383,0.00822167214908863,31,0.9940706012134584,0.9906692406692407,1.0,0.9838033654807288,0.996031746031746,0.9929149906790347,0.005464651197926256,28,0.996144578313253,0.9961953075459734,1.0,0.9883162278744607,0.9960597105402743,0.9953431648547924,0.003819576031763508,40,0.9959839357429718,0.9959839357429718,1.0,0.9879518072289156,0.9959839357429718,0.9951807228915662,0.003934923281579411,22,0.995970644851884,0.9959425863040321,1.0,0.9877517252193779,0.9959584369222924,0.9951246786595173,0.004005221221299964,34
15,2.2219701766967774,0.02445969777639539,0.020117855072021483,0.005078823705797518,10,10,200,1,"{'max_depth': 10, 'min_samples_leaf': 10, 'n_estimators': 200, 'split_criterion': 1}",0.9919678714859438,1.0,1.0,0.9839357429718876,1.0,0.9951807228915662,0.0064257028112449715,22,0.98875,1.0,1.0,0.9910940545808966,1.0,0.9959688109161793,0.004992513127884061,22,0.9820574162679425,1.0,1.0,0.9643308080808081,1.0,0.98927764486975,0.014278536797964005,43,0.9849130920559492,1.0,1.0,0.9767447898380823,1.0,0.9923315763788063,0.00974059532900135,40,0.9923293172690762,1.0,1.0,0.9843706208850999,1.0,0.9953399876308353,0.00623760031858286,43,0.9919678714859438,1.0,1.0,0.9839357429718876,1.0,0.9951807228915662,0.0064257028112449715,22,0.991910448020603,1.0,1.0,0.9836578105806292,1.0,0.9951136517202464,0.006528797878487407,37
16,0.12165918350219726,0.013994017224981689,0.01665492057800293,0.0044688728654252675,10,50,10,0,"{'max_depth': 10, 'min_samples_leaf': 50, 'n_estimators': 10, 'split_criterion': 0}",0.9839357429718876,1.0,0.9959839357429718,0.9839357429718876,0.9919678714859438,0.9911646586345381,0.006425702811244964,67,0.9756944444444444,1.0,0.9979166666666667,0.9912720097146326,0.9955923291060934,0.9920950899863674,0.008697904048151973,67,0.9736842105263157,1.0,0.9861111111111112,0.9618055555555556,0.9806763285024155,0.9804554411390795,0.012709783408206223,67,0.9731196121221697,1.0,0.9915966386554622,0.9744983934919333,0.9876457470040358,0.9853720782547202,0.010259149701606757,67,0.9856091030789824,1.0,0.9960508701472556,0.9844965776890195,0.9921094834022139,0.9916532068634943,0.0059492036105623525,67,0.9839357429718876,1.0,0.9959839357429718,0.9839357429718876,0.9919678714859438,0.9911646586345381,0.006425702811244964,67,0.9838067850701505,1.0,0.9958826904255678,0.9834018326519093,0.9918408484351402,0.9909864313165535,0.006557762719305388,67
17,0.11866183280944824,0.0017190757448158395,0.020378780364990235,0.005077794452114144,10,50,10,1,"{'max_depth': 10, 'min_samples_leaf': 50, 'n_estimators': 10, 'split_criterion': 1}",0.9879518072289156,0.9919678714859438,1.0,0.9718875502008032,0.9959839357429718,0.9895582329317267,0.009705257810116124,70,0.9757692307692307,0.9959016393442623,1.0,0.980883431085044,0.9976415094339622,0.9900391621264998,0.009786122487470406,70,0.9802631578947368,0.9722222222222222,1.0,0.9361293859649122,0.9945652173913043,0.9766359966946352,0.0225422129415775,70,0.9767094901023472,0.9822916666666667,1.0,0.9534793136322448,0.996031746031746,0.981702443286601,0.016504249828577126,70,0.9893481618782822,0.9922312199618144,1.0,0.9733285046343734,0.9960597105402743,0.9901935194029488,0.009163785639312576,70,0.9879518072289156,0.9919678714859438,1.0,0.9718875502008032,0.9959839357429718,0.9895582329317267,0.009705257810116124,70,0.9880500736783008,0.991532797858099,1.0,0.9705965990229639,0.9959584369222924,0.989227581496331,0.01015050215745389,70
18,0.5638399124145508,0.005683839714858771,0.013779783248901367,0.0025743183588348238,10,50,50,0,"{'max_depth': 10, 'min_samples_leaf': 50, 'n_estimators': 50, 'split_criterion': 0}",0.9959839357429718,1.0,0.9959839357429718,0.9879518072289156,0.9959839357429718,0.9951807228915662,0.003934923281579411,22,0.995,1.0,0.9979166666666667,0.993287037037037,0.9976415094339622,0.9967690426275333,0.002356743497137153,10,0.993421052631579,1.0,0.9861111111111112,0.9756944444444444,0.9945652173913043,0.9899583651156879,0.008394147010425212,37,0.9940706012134584,1.0,0.9915966386554622,0.9838033654807288,0.996031746031746,0.9931004702762791,0.005400642723261416,22,0.996144578313253,1.0,0.9960508701472556,0.9883162278744607,0.9960597105402743,0.9953142773750487,0.0038135634908712038,55,0.9959839357429718,1.0,0.9959839357429718,0.9879518072289156,0.9959839357429718,0.9951807228915662,0.003934923281579411,22,0.995970644851884,1.0,0.9958826904255678,0.9877517252193779,0.9959584369222924,0.9951126994838244,0.004002845902030746,49
19,0.5531168460845948,0.012613613380514064,0.013947439193725587,0.004471156704361284,10,50,50,1,"{'max_depth': 10, 'min_samples_leaf': 50, 'n_estimators': 50, 'split_criterion': 1}",0.9919678714859438,0.9959839357429718,1.0,0.9799196787148594,0.9959839357429718,0.9927710843373493,0.006909498206459942,64,0.98875,0.9875,1.0,0.9890790272584923,0.9976415094339622,0.9925941073384908,0.005165392391713755,61,0.9820574162679425,0.9978813559322034,1.0,0.9504419191919191,0.9945652173913043,0.9849891817566739,0.018359421980994373,64,0.9849130920559492,0.9923526765632029,1.0,0.9674398178492869,0.996031746031746,0.988147466500037,0.011485609226024573,64,0.9923293172690762,0.9963855421686747,1.0,0.9805509706996586,0.9960597105402743,0.9930651081355368,0.006711641749466275,64,0.9919678714859438,0.9959839357429718,1.0,0.9799196787148594,0.9959839357429718,0.9927710843373493,0.006909498206459942,64,0.991910448020603,0.9960724589767076,1.0,0.9793079180131604,0.9959584369222924,0.9926498523865528,0.007144782279130195,64
20,1.1288223743438721,0.00421122308386681,0.016852664947509765,0.004101176583900912,10,50,100,0,"{'max_depth': 10, 'min_samples_leaf': 50, 'n_estimators': 100, 'split_criterion': 0}",0.9919678714859438,1.0,0.9959839357429718,0.9879518072289156,0.9959839357429718,0.9943775100401606,0.004095598002885774,58,0.9845833333333334,1.0,0.9979166666666667,0.993287037037037,0.9976415094339622,0.9946857092941999,0.005503304640892068,55,0.9868421052631579,1.0,0.9861111111111112,0.9756944444444444,0.9945652173913043,0.9886425756420036,0.008262843107594899,58,0.9852574402263844,1.0,0.9915966386554622,0.9838033654807288,0.996031746031746,0.9913378380788643,0.0061785486019460024,58,0.9924631860776439,1.0,0.9960508701472556,0.9883162278744607,0.9960597105402743,0.9945779989279269,0.003935609855516744,58,0.9919678714859438,1.0,0.9959839357429718,0.9879518072289156,0.9959839357429718,0.9943775100401606,0.004095598002885774,58,0.9919876152009655,1.0,0.9958826904255678,0.9877517252193779,0.9959584369222924,0.9943160935536406,0.00414659023915794,58
21,1.1062116146087646,0.008531585387554321,0.01966681480407715,0.0038486145238126007,10,50,100,1,"{'max_depth': 10, 'min_samples_leaf': 50, 'n_estimators': 100, 'split_criterion': 1}",0.9959839357429718,0.9959839357429718,1.0,0.9839357429718876,1.0,0.9951807228915662,0.005902384922369093,22,0.995,0.9875,1.0,0.9910940545808966,1.0,0.9947188109161793,0.00492160691467156,49,0.993421052631579,0.9978813559322034,1.0,0.9643308080808081,1.0,0.9911266433289182,0.013611613866617299,25,0.9940706012134584,0.9923526765632029,1.0,0.9767447898380823,1.0,0.9926336135229488,0.008522040562510444,31,0.996144578313253,0.9963855421686747,1.0,0.9843706208850999,1.0,0.9953801482734056,0.005753102179446395,25,0.9959839357429718,0.9959839357429718,1.0,0.9839357429718876,1.0,0.9951807228915662,0.005902384922369093,22,0.995970644851884,0.9960724589767076,1.0,0.9836578105806292,1.0,0.9951401828818442,0.006010645960431981,22
22,2.2639586448669435,0.024931472946000798,0.01839737892150879,0.002634026831511147,10,50,200,0,"{'max_depth': 10, 'min_samples_leaf': 50, 'n_estimators': 200, 'split_criterion': 0}",0.9919678714859438,1.0,1.0,0.9879518072289156,0.9959839357429718,0.9951807228915662,0.0046834954978677195,22,0.9845833333333334,1.0,1.0,0.993287037037037,0.9976415094339622,0.9951023759608665,0.005802867471514776,46,0.9868421052631579,1.0,1.0,0.9756944444444444,0.9945652173913043,0.9914203534197814,0.009223615446954709,22,0.9852574402263844,1.0,1.0,0.9838033654807288,0.996031746031746,0.9930185103477719,0.007095281378003219,25,0.9924631860776439,1.0,1.0,0.9883162278744607,0.9960597105402743,0.9953678248984759,0.00450676703086082,31,0.9919678714859438,1.0,1.0,0.9879518072289156,0.9959839357429718,0.9951807228915662,0.0046834954978677195,22,0.9919876152009655,1.0,1.0,0.9877517252193779,0.9959584369222924,0.9951395554685272,0.0047420074264575,28
23,2.1980987071990965,0.028721022490778316,0.01673016548156738,0.0038093944575765606,10,50,200,1,"{'max_depth': 10, 'min_samples_leaf': 50, 'n_estimators': 200, 'split_criterion': 1}",0.9959839357429718,0.9959839357429718,1.0,0.9839357429718876,1.0,0.9951807228915662,0.005902384922369093,22,0.995,0.9875,1.0,0.9910940545808966,1.0,0.9947188109161793,0.00492160691467156,49,0.993421052631579,0.9978813559322034,1.0,0.9643308080808081,1.0,0.9911266433289182,0.013611613866617299,25,0.9940706012134584,0.9923526765632029,1.0,0.9767447898380823,1.0,0.9926336135229488,0.008522040562510444,31,0.996144578313253,0.9963855421686747,1.0,0.9843706208850999,1.0,0.9953801482734056,0.005753102179446395,25,0.9959839357429718,0.9959839357429718,1.0,0.9839357429718876,1.0,0.9951807228915662,0.005902384922369093,22,0.995970644851884,0.9960724589767076,1.0,0.9836578105806292,1.0,0.9951401828818442,0.006010645960431981,22
24,0.10526280403137207,0.00990737098872139,0.017592620849609376,0.005760199272471149,10,100,10,0,"{'max_depth': 10, 'min_samples_leaf': 100, 'n_estimators': 10, 'split_criterion': 0}",0.9156626506024096,0.9156626506024096,0.9156626506024096,0.9076305220883534,0.9156626506024096,0.9140562248995984,0.0032128514056224853,88,0.8030822897009207,0.670031969309463,0.6721372010342599,0.6775581367812826,0.6752954949412087,0.6996210183534269,0.05179499693820634,88,0.7416267942583732,0.743421052631579,0.743421052631579,0.7330043859649122,0.7445652173913043,0.7412077005755495,0.004208106080697437,91,0.7187879318394024,0.7029979722269746,0.7033634391480286,0.6993649154449972,0.705730477532803,0.7060489472384412,0.006686999848317186,91,0.902557562554214,0.849671216836656,0.8513189928427348,0.8484140787836388,0.8500981832717801,0.8604120068578048,0.02109322438202515,88,0.9156626506024096,0.9156626506024096,0.9156626506024096,0.9076305220883534,0.9156626506024096,0.9140562248995984,0.0032128514056224853,88,0.8879061530904195,0.8796825562746765,0.8801460821152636,0.8736025342680485,0.8795477625121785,0.8801770176521172,0.004552027624770687,91
25,0.11738872528076172,0.005351673961377429,0.02033967971801758,0.003649554089739656,10,100,10,1,"{'max_depth': 10, 'min_samples_leaf': 100, 'n_estimators': 10, 'split_criterion': 1}",0.9196787148594378,0.9518072289156626,0.9558232931726908,0.891566265060241,0.9116465863453815,0.9261044176706827,0.024441966352936443,76,0.7822174840085288,0.8409558823529412,0.8488404977375565,0.6568239197592913,0.6800690456658463,0.7617813659048328,0.07994810841244525,76,0.7625598086124402,0.8456937799043063,0.861842105263158,0.7080592105263157,0.7379862700228832,0.7832282348658207,0.06034316263272671,73,0.7575149523678935,0.8411333861285019,0.8541972878390202,0.6777616566581778,0.7032142081000958,0.7667642982187378,0.07102242387863736,73,0.8956090459920706,0.9214103472714387,0.9250804121463229,0.8291927524069714,0.8523137120535739,0.8847212539740754,0.038018833464479596,76,0.9196787148594378,0.9518072289156626,0.9558232931726908,0.891566265060241,0.9116465863453815,0.9261044176706827,0.024441966352936443,76,0.9004737945205699,0.9348121276500473,0.9389692453101998,0.8566564613235875,0.8776702640850261,0.9017163785778861,0.03191632957196188,73
26,0.5558704376220703,0.004537577573465811,0.013664817810058594,0.002693729398710252,10,100,50,0,"{'max_depth': 10, 'min_samples_leaf': 100, 'n_estimators': 50, 'split_criterion': 0}",0.9317269076305221,0.9196787148594378,0.9196787148594378,0.9116465863453815,0.9156626506024096,0.9196787148594376,0.006720160855695404,79,0.8144010416666667,0.686042089249493,0.686042089249493,0.6835298219913091,0.685503828274542,0.7111037740863008,0.051656909785604804,82,0.790296052631579,0.75,0.75,0.7395833333333333,0.7445652173913043,0.7548889206712432,0.01812350924896533,79,0.7791098940924726,0.7118864131345284,0.7118864131345284,0.7062005977517991,0.7092495913093919,0.723666581884544,0.02780077638884515,79,0.9054777443105756,0.8608979528662316,0.8608979528662316,0.8503255833991181,0.8563297763106019,0.8667858019505518,0.019731534173576645,82,0.9317269076305221,0.9196787148594378,0.9196787148594378,0.9116465863453815,0.9156626506024096,0.9196787148594376,0.006720160855695404,79,0.9104283005042839,0.8859684003226845,0.8859684003226845,0.8768689909513322,0.8816959765444736,0.8881860137290918,0.011616802715381689,79
27,0.5459040641784668,0.0071675946723952005,0.012341165542602539,0.0025180686045358385,10,100,50,1,"{'max_depth': 10, 'min_samples_leaf': 100, 'n_estimators': 50, 'split_criterion': 1}",0.9397590361445783,0.9518072289156626,0.9156626506024096,0.9156626506024096,0.9116465863453815,0.9269076305220884,0.015943319872513424,73,0.8201988958715196,0.8409558823529412,0.6810420892494928,0.8091614506214385,0.6800690456658463,0.7662854727522477,0.07073949882654645,73,0.8098086124401913,0.8456937799043063,0.743421052631579,0.755731658692185,0.7379862700228832,0.7785282747382289,0.04215571492573383,76,0.8089908027988524,0.8411333861285019,0.7059570143479867,0.7430423532712835,0.7032142081000958,0.7604675529293441,0.05552380447574321,76,0.9130062538712063,0.9214103472714387,0.8570425311794847,0.8940148052763544,0.8523137120535739,0.8875575299304115,0.028314798407680093,73,0.9397590361445783,0.9518072289156626,0.9156626506024096,0.9156626506024096,0.9116465863453815,0.9269076305220884,0.015943319872513424,73,0.9233356611102891,0.9348121276500473,0.8819390451745687,0.8890643754718175,0.8776702640850261,0.9013642946983497,0.023201439136044347,76
28,1.118679666519165,0.007963441731115534,0.0164003849029541,0.00472730756806872,10,100,100,0,"{'max_depth': 10, 'min_samples_leaf': 100, 'n_estimators': 100, 'split_criterion': 0}",0.9196787148594378,0.9196787148594378,0.9196787148594378,0.9116465863453815,0.9156626506024096,0.9172690763052209,0.003212851405622491,85,0.6842412935323383,0.686042089249493,0.686042089249493,0.6835298219913091,0.685503828274542,0.685071824459435,0.0010136082137088235,91,0.743421052631579,0.75,0.75,0.7395833333333333,0.7445652173913043,0.7455139206712432,0.00401750709284229,85,0.7080728687871545,0.7118864131345284,0.7118864131345284,0.7062005977517991,0.7092495913093919,0.7094591768234804,0.002207580840877024,88,0.8635685028671902,0.8608979528662316,0.8608979528662316,0.8503255833991181,0.8563297763106019,0.8584039536618746,0.004662079157275512,91,0.9196787148594378,0.9196787148594378,0.9196787148594378,0.9116465863453815,0.9156626506024096,0.9172690763052209,0.003212851405622491,85,0.8874913763037687,0.8859684003226845,0.8859684003226845,0.8768689909513322,0.8816959765444736,0.8835986288889887,0.00388054708635864,88
29,1.0975516796112061,0.020846050796488446,0.020595312118530273,0.011468260580982177,10,100,100,1,"{'max_depth': 10, 'min_samples_leaf': 100, 'n_estimators': 100, 'split_criterion': 1}",0.9196787148594378,0.927710843373494,0.9116465863453815,0.8995983935742972,0.9116465863453815,0.9140562248995984,0.009366990995735427,88,0.8060071665482114,0.8149943438914027,0.6764267046341083,0.6685298219913092,0.6800690456658463,0.7292054165461755,0.06654284635840681,79,0.7529904306220095,0.777511961722488,0.736842105263158,0.7198464912280702,0.7379862700228832,0.7450354517717217,0.01933551659872544,88,0.7385216334215083,0.7660564893410788,0.699941968690084,0.6881659926053927,0.7032142081000958,0.7191800584316319,0.028838796960637344,85,0.9043430295453313,0.9063964455105489,0.8534836803917183,0.8387593183388772,0.8523137120535739,0.8710592371680098,0.028495995482319295,79,0.9196787148594378,0.927710843373494,0.9116465863453815,0.8995983935742972,0.9116465863453815,0.9140562248995984,0.009366990995735427,88,0.8954214844650178,0.9046471752910555,0.8778737996979634,0.8646839597885266,0.8776702640850261,0.884059336665518,0.01419467398026515,85
30,2.2063083171844484,0.01602267495294751,0.01942453384399414,0.007742192404420657,10,100,200,0,"{'max_depth': 10, 'min_samples_leaf': 100, 'n_estimators': 200, 'split_criterion': 0}",0.9317269076305221,0.9196787148594378,0.9196787148594378,0.9116465863453815,0.9156626506024096,0.9196787148594376,0.006720160855695404,79,0.8144010416666667,0.686042089249493,0.686042089249493,0.6835298219913091,0.685503828274542,0.7111037740863008,0.051656909785604804,82,0.790296052631579,0.75,0.75,0.7395833333333333,0.7445652173913043,0.7548889206712432,0.01812350924896533,79,0.7791098940924726,0.7118864131345284,0.7118864131345284,0.7062005977517991,0.7092495913093919,0.723666581884544,0.02780077638884515,79,0.9054777443105756,0.8608979528662316,0.8608979528662316,0.8503255833991181,0.8563297763106019,0.8667858019505518,0.019731534173576645,82,0.9317269076305221,0.9196787148594378,0.9196787148594378,0.9116465863453815,0.9156626506024096,0.9196787148594376,0.006720160855695404,79,0.9104283005042839,0.8859684003226845,0.8859684003226845,0.8768689909513322,0.8816959765444736,0.8881860137290918,0.011616802715381689,79
31,2.1826212406158447,0.01950734218028182,0.01778244972229004,0.00429407123980671,10,100,200,1,"{'max_depth': 10, 'min_samples_leaf': 100, 'n_estimators': 200, 'split_criterion': 1}",0.9076305220883534,0.9156626506024096,0.9116465863453815,0.8995983935742972,0.9116465863453815,0.9092369477911648,0.005447654604919896,94,0.6713841506751954,0.6810420892494928,0.6764267046341083,0.6685298219913092,0.6800690456658463,0.6754903624431904,0.004857424127037611,94,0.7236842105263158,0.743421052631579,0.736842105263158,0.7198464912280702,0.7379862700228832,0.7323560259344012,0.009010529541484773,94,0.6896810006053703,0.7059570143479867,0.699941968690084,0.6881659926053927,0.7032142081000958,0.6973920368697859,0.007188026744037342,94,0.8536545613869836,0.8570425311794847,0.8534836803917183,0.8387593183388772,0.8523137120535739,0.8510507606701274,0.006344679521630856,94,0.9076305220883534,0.9156626506024096,0.9116465863453815,0.8995983935742972,0.9116465863453815,0.9092369477911648,0.005447654604919896,94,0.8751293741675438,0.8819390451745687,0.8778737996979634,0.8646839597885266,0.8776702640850261,0.8754592885827257,0.005812436257394173,94
32,0.13175587654113768,0.005313705884904239,0.015807628631591797,0.0033592939342142513,50,2,10,0,"{'max_depth': 50, 'min_samples_leaf': 2, 'n_estimators': 10, 'split_criterion': 0}",0.9879518072289156,1.0,1.0,0.9919678714859438,1.0,0.9959839357429718,0.0050799641127202986,7,0.9770574162679426,1.0,1.0,0.9953703703703703,1.0,0.9944855573276626,0.008896631147547143,58,0.9754784688995215,1.0,1.0,0.9895833333333333,1.0,0.9930123604465709,0.009650667327319389,13,0.976128017481401,1.0,1.0,0.9922067268252666,1.0,0.9936669488613334,0.009274362215478667,19,0.9881124497991968,1.0,1.0,0.9922653577272051,1.0,0.9960755615052804,0.0049826188569975175,19,0.9879518072289156,1.0,1.0,0.9919678714859438,1.0,0.9959839357429718,0.0050799641127202986,7,0.9879385163378278,1.0,1.0,0.9918690347938103,1.0,0.9959615102263276,0.0050999016668330475,7
33,0.12100820541381836,0.004032275172416677,0.017256689071655274,0.004126958643757366,50,2,10,1,"{'max_depth': 50, 'min_samples_leaf': 2, 'n_estimators': 10, 'split_criterion': 1}",0.9959839357429718,0.9959839357429718,1.0,0.9839357429718876,1.0,0.9951807228915662,0.005902384922369093,22,0.995,0.993421052631579,1.0,0.9912720097146326,1.0,0.9959386124692422,0.003520966331078777,34,0.993421052631579,0.9886363636363636,1.0,0.9618055555555556,1.0,0.9887725943646997,0.014148902288186828,55,0.9940706012134584,0.9906692406692407,1.0,0.9744983934919333,1.0,0.9918476470749266,0.009383479984269024,55,0.996144578313253,0.9961953075459734,1.0,0.9844965776890195,1.0,0.9953672927096491,0.00569888024465552,34,0.9959839357429718,0.9959839357429718,1.0,0.9839357429718876,1.0,0.9951807228915662,0.005902384922369093,22,0.995970644851884,0.9959425863040321,1.0,0.9834018326519093,1.0,0.995063012761565,0.006104559822997155,55
34,0.5870089530944824,0.006189489489708228,0.025530147552490234,0.003336800159687391,50,2,50,0,"{'max_depth': 50, 'min_samples_leaf': 2, 'n_estimators': 50, 'split_criterion': 0}",0.9959839357429718,1.0,1.0,0.9879518072289156,1.0,0.9967871485943774,0.004683495497867727,1,0.995,1.0,1.0,0.993287037037037,1.0,0.9976574074074074,0.0029197661367912396,1,0.993421052631579,1.0,1.0,0.9756944444444444,1.0,0.9938230994152046,0.009415647350750013,1,0.9940706012134584,1.0,1.0,0.9838033654807288,1.0,0.9955747933388374,0.00631785517008267,1,0.996144578313253,1.0,1.0,0.9883162278744607,1.0,0.9968921612375429,0.004540517560741475,1,0.9959839357429718,1.0,1.0,0.9879518072289156,1.0,0.9967871485943774,0.004683495497867727,1,0.995970644851884,1.0,1.0,0.9877517252193779,1.0,0.9967444740142524,0.004759489274951287,1
35,0.5657782554626465,0.014396456139072835,0.015435075759887696,0.006000274277632169,50,2,50,1,"{'max_depth': 50, 'min_samples_leaf': 2, 'n_estimators': 50, 'split_criterion': 1}",0.9919678714859438,1.0,1.0,0.9839357429718876,1.0,0.9951807228915662,0.0064257028112449715,22,0.98875,1.0,1.0,0.9910940545808966,1.0,0.9959688109161793,0.004992513127884061,22,0.9820574162679425,1.0,1.0,0.9643308080808081,1.0,0.98927764486975,0.014278536797964005,43,0.9849130920559492,1.0,1.0,0.9767447898380823,1.0,0.9923315763788063,0.00974059532900135,40,0.9923293172690762,1.0,1.0,0.9843706208850999,1.0,0.9953399876308353,0.00623760031858286,43,0.9919678714859438,1.0,1.0,0.9839357429718876,1.0,0.9951807228915662,0.0064257028112449715,22,0.991910448020603,1.0,1.0,0.9836578105806292,1.0,0.9951136517202464,0.006528797878487407,37
36,1.1661108016967774,0.013222006892205375,0.028489971160888673,0.004178690103331557,50,2,100,0,"{'max_depth': 50, 'min_samples_leaf': 2, 'n_estimators': 100, 'split_criterion': 0}",0.9959839357429718,1.0,1.0,0.9879518072289156,1.0,0.9967871485943774,0.004683495497867727,1,0.995,1.0,1.0,0.993287037037037,1.0,0.9976574074074074,0.0029197661367912396,1,0.993421052631579,1.0,1.0,0.9756944444444444,1.0,0.9938230994152046,0.009415647350750013,1,0.9940706012134584,1.0,1.0,0.9838033654807288,1.0,0.9955747933388374,0.00631785517008267,1,0.996144578313253,1.0,1.0,0.9883162278744607,1.0,0.9968921612375429,0.004540517560741475,1,0.9959839357429718,1.0,1.0,0.9879518072289156,1.0,0.9967871485943774,0.004683495497867727,1,0.995970644851884,1.0,1.0,0.9877517252193779,1.0,0.9967444740142524,0.004759489274951287,1
37,1.1161511421203614,0.013934800124846393,0.01957402229309082,0.0029775689111051187,50,2,100,1,"{'max_depth': 50, 'min_samples_leaf': 2, 'n_estimators': 100, 'split_criterion': 1}",0.9919678714859438,1.0,1.0,0.9839357429718876,1.0,0.9951807228915662,0.0064257028112449715,22,0.98875,1.0,1.0,0.9910940545808966,1.0,0.9959688109161793,0.004992513127884061,22,0.9820574162679425,1.0,1.0,0.9643308080808081,1.0,0.98927764486975,0.014278536797964005,43,0.9849130920559492,1.0,1.0,0.9767447898380823,1.0,0.9923315763788063,0.00974059532900135,40,0.9923293172690762,1.0,1.0,0.9843706208850999,1.0,0.9953399876308353,0.00623760031858286,43,0.9919678714859438,1.0,1.0,0.9839357429718876,1.0,0.9951807228915662,0.0064257028112449715,22,0.991910448020603,1.0,1.0,0.9836578105806292,1.0,0.9951136517202464,0.006528797878487407,37
38,2.318147802352905,0.033115759418624435,0.03246660232543945,0.005769248919521575,50,2,200,0,"{'max_depth': 50, 'min_samples_leaf': 2, 'n_estimators': 200, 'split_criterion': 0}",0.9959839357429718,0.9959839357429718,1.0,0.9879518072289156,1.0,0.9959839357429718,0.004399377971929059,7,0.995,0.993421052631579,1.0,0.993287037037037,1.0,0.9963416179337232,0.0030472158933783477,13,0.993421052631579,0.9886363636363636,1.0,0.9756944444444444,1.0,0.9915503721424773,0.00901325419693134,16,0.9940706012134584,0.9906692406692407,1.0,0.9838033654807288,1.0,0.9937086414726857,0.0061097602050028356,16,0.996144578313253,0.9961953075459734,1.0,0.9883162278744607,1.0,0.9961312227467374,0.004266457663145976,13,0.9959839357429718,0.9959839357429718,1.0,0.9879518072289156,1.0,0.9959839357429718,0.004399377971929059,7,0.995970644851884,0.9959425863040321,1.0,0.9877517252193779,1.0,0.9959329912750589,0.004472487989201546,16
39,2.23164587020874,0.024905612204920352,0.01989717483520508,0.002653602720053773,50,2,200,1,"{'max_depth': 50, 'min_samples_leaf': 2, 'n_estimators': 200, 'split_criterion': 1}",0.9919678714859438,1.0,1.0,0.9839357429718876,1.0,0.9951807228915662,0.0064257028112449715,22,0.98875,1.0,1.0,0.9910940545808966,1.0,0.9959688109161793,0.004992513127884061,22,0.9820574162679425,1.0,1.0,0.9643308080808081,1.0,0.98927764486975,0.014278536797964005,43,0.9849130920559492,1.0,1.0,0.9767447898380823,1.0,0.9923315763788063,0.00974059532900135,40,0.9923293172690762,1.0,1.0,0.9843706208850999,1.0,0.9953399876308353,0.00623760031858286,43,0.9919678714859438,1.0,1.0,0.9839357429718876,1.0,0.9951807228915662,0.0064257028112449715,22,0.991910448020603,1.0,1.0,0.9836578105806292,1.0,0.9951136517202464,0.006528797878487407,37
40,0.12173476219177246,0.010369234790282887,0.019076013565063478,0.005093082268220756,50,10,10,0,"{'max_depth': 50, 'min_samples_leaf': 10, 'n_estimators': 10, 'split_criterion': 0}",0.9879518072289156,0.9959839357429718,1.0,0.9879518072289156,0.9959839357429718,0.9935742971887549,0.004819277108433743,61,0.9770574162679426,0.993421052631579,1.0,0.993287037037037,0.9976415094339622,0.9922814030741043,0.008029786469749702,64,0.9754784688995215,0.993421052631579,1.0,0.9756944444444444,0.9945652173913043,0.9878318366733699,0.01024269432462409,61,0.976128017481401,0.9932432432432432,1.0,0.9838033654807288,0.996031746031746,0.9898412744474239,0.008690279584488224,61,0.9881124497991968,0.9961953075459734,1.0,0.9883162278744607,0.9960597105402743,0.993736739151981,0.004726177404682606,61,0.9879518072289156,0.9959839357429718,1.0,0.9879518072289156,0.9959839357429718,0.9935742971887549,0.004819277108433743,61,0.9879385163378278,0.9959839357429718,1.0,0.9877517252193779,0.9959584369222924,0.9935265228444938,0.004866890075763927,61
41,0.11979608535766602,0.003734725736783764,0.018782806396484376,0.004401684603909535,50,10,10,1,"{'max_depth': 50, 'min_samples_leaf': 10, 'n_estimators': 10, 'split_criterion': 1}",0.9919678714859438,1.0,1.0,0.9839357429718876,1.0,0.9951807228915662,0.0064257028112449715,22,0.9845833333333334,1.0,1.0,0.9912720097146326,1.0,0.9951710686095933,0.006281059363933712,40,0.9868421052631579,1.0,1.0,0.9618055555555556,1.0,0.9897295321637427,0.014862928597336324,40,0.9852574402263844,1.0,1.0,0.9744983934919333,1.0,0.9919511667436636,0.010428388362823456,52,0.9924631860776439,1.0,1.0,0.9844965776890195,1.0,0.9953919527533326,0.006180439633476507,22,0.9919678714859438,1.0,1.0,0.9839357429718876,1.0,0.9951807228915662,0.0064257028112449715,22,0.9919876152009655,1.0,1.0,0.9834018326519093,1.0,0.995077889570575,0.006611529536888576,52
42,0.5830101490020752,0.008830597453951256,0.021096086502075194,0.004318886884852795,50,10,50,0,"{'max_depth': 50, 'min_samples_leaf': 10, 'n_estimators': 50, 'split_criterion': 0}",0.9959839357429718,0.9959839357429718,1.0,0.9919678714859438,0.9959839357429718,0.9959839357429718,0.0025399820563601406,7,0.995,0.993421052631579,1.0,0.9953703703703703,0.9976415094339622,0.9962865864871823,0.0022948332030107463,16,0.993421052631579,0.9886363636363636,1.0,0.9895833333333333,0.9945652173913043,0.9932411933985161,0.00405095674991288,7,0.9940706012134584,0.9906692406692407,1.0,0.9922067268252666,0.996031746031746,0.9945956629479422,0.003245572095324945,7,0.996144578313253,0.9961953075459734,1.0,0.9922653577272051,0.9960597105402743,0.9961329908253411,0.0024462924347844754,7,0.9959839357429718,0.9959839357429718,1.0,0.9919678714859438,0.9959839357429718,0.9959839357429718,0.0025399820563601406,7,0.995970644851884,0.9959425863040321,1.0,0.9918690347938103,0.9959584369222924,0.9959481405744037,0.0025712764177065195,10
43,0.5632834911346436,0.007444994291549806,0.01818094253540039,0.005092182099447905,50,10,50,1,"{'max_depth': 50, 'min_samples_leaf': 10, 'n_estimators': 50, 'split_criterion': 1}",0.9919678714859438,1.0,1.0,0.9839357429718876,1.0,0.9951807228915662,0.0064257028112449715,22,0.9845833333333334,1.0,1.0,0.9910940545808966,1.0,0.9951354775828459,0.006303516212150003,43,0.9868421052631579,1.0,1.0,0.9643308080808081,1.0,0.990234582668793,0.013918366052168575,34,0.9852574402263844,1.0,1.0,0.9767447898380823,1.0,0.9924004460128935,0.009688981002549696,37,0.9924631860776439,1.0,1.0,0.9843706208850999,1.0,0.9953667613925488,0.006224894467372332,37,0.9919678714859438,1.0,1.0,0.9839357429718876,1.0,0.9951807228915662,0.0064257028112449715,22,0.9919876152009655,1.0,1.0,0.9836578105806292,1.0,0.995129085156319,0.0065212944744802385,31
44,1.144173002243042,0.014950478194263294,0.019383764266967772,0.002551724809332485,50,10,100,0,"{'max_depth': 50, 'min_samples_leaf': 10, 'n_estimators': 100, 'split_criterion': 0}",0.9959839357429718,0.9959839357429718,1.0,0.9919678714859438,0.9959839357429718,0.9959839357429718,0.0025399820563601406,7,0.995,0.993421052631579,1.0,0.9953703703703703,0.9976415094339622,0.9962865864871823,0.0022948332030107463,16,0.993421052631579,0.9886363636363636,1.0,0.9895833333333333,0.9945652173913043,0.9932411933985161,0.00405095674991288,7,0.9940706012134584,0.9906692406692407,1.0,0.9922067268252666,0.996031746031746,0.9945956629479422,0.003245572095324945,7,0.996144578313253,0.9961953075459734,1.0,0.9922653577272051,0.9960597105402743,0.9961329908253411,0.0024462924347844754,7,0.9959839357429718,0.9959839357429718,1.0,0.9919678714859438,0.9959839357429718,0.9959839357429718,0.0025399820563601406,7,0.995970644851884,0.9959425863040321,1.0,0.9918690347938103,0.9959584369222924,0.9959481405744037,0.0025712764177065195,10
45,1.1231515884399415,0.008857787302606609,0.018549680709838867,0.005705557824414867,50,10,100,1,"{'max_depth': 50, 'min_samples_leaf': 10, 'n_estimators': 100, 'split_criterion': 1}",0.9959839357429718,1.0,1.0,0.9839357429718876,1.0,0.9959839357429718,0.006221659993907488,7,0.995,1.0,1.0,0.9910940545808966,1.0,0.9972188109161794,0.0036232802874807284,7,0.993421052631579,1.0,1.0,0.9643308080808081,1.0,0.9915503721424773,0.013846246754925986,16,0.9940706012134584,1.0,1.0,0.9767447898380823,1.0,0.9941630782103081,0.009006822855479086,13,0.996144578313253,1.0,1.0,0.9843706208850999,1.0,0.9961030398396705,0.006053268132900476,16,0.9959839357429718,1.0,1.0,0.9839357429718876,1.0,0.9959839357429718,0.006221659993907488,7,0.995970644851884,1.0,1.0,0.9836578105806292,1.0,0.9959256910865026,0.0063293426564726965,19
46,2.3073299407958983,0.01574593732750365,0.01945352554321289,0.0024080079285597866,50,10,200,0,"{'max_depth': 50, 'min_samples_leaf': 10, 'n_estimators': 200, 'split_criterion': 0}",0.9959839357429718,0.9959839357429718,1.0,0.9879518072289156,0.9959839357429718,0.9951807228915662,0.003934923281579411,22,0.995,0.993421052631579,1.0,0.993287037037037,0.9976415094339622,0.9958699198205156,0.002593109582096683,37,0.993421052631579,0.9886363636363636,1.0,0.9756944444444444,0.9945652173913043,0.9904634156207383,0.00822167214908863,31,0.9940706012134584,0.9906692406692407,1.0,0.9838033654807288,0.996031746031746,0.9929149906790347,0.005464651197926256,28,0.996144578313253,0.9961953075459734,1.0,0.9883162278744607,0.9960597105402743,0.9953431648547924,0.003819576031763508,40,0.9959839357429718,0.9959839357429718,1.0,0.9879518072289156,0.9959839357429718,0.9951807228915662,0.003934923281579411,22,0.995970644851884,0.9959425863040321,1.0,0.9877517252193779,0.9959584369222924,0.9951246786595173,0.004005221221299964,34
47,2.23432035446167,0.026336727011735863,0.017888593673706054,0.0037856974911815045,50,10,200,1,"{'max_depth': 50, 'min_samples_leaf': 10, 'n_estimators': 200, 'split_criterion': 1}",0.9919678714859438,1.0,1.0,0.9839357429718876,1.0,0.9951807228915662,0.0064257028112449715,22,0.98875,1.0,1.0,0.9910940545808966,1.0,0.9959688109161793,0.004992513127884061,22,0.9820574162679425,1.0,1.0,0.9643308080808081,1.0,0.98927764486975,0.014278536797964005,43,0.9849130920559492,1.0,1.0,0.9767447898380823,1.0,0.9923315763788063,0.00974059532900135,40,0.9923293172690762,1.0,1.0,0.9843706208850999,1.0,0.9953399876308353,0.00623760031858286,43,0.9919678714859438,1.0,1.0,0.9839357429718876,1.0,0.9951807228915662,0.0064257028112449715,22,0.991910448020603,1.0,1.0,0.9836578105806292,1.0,0.9951136517202464,0.006528797878487407,37
48,0.12135443687438965,0.0061433110901322405,0.018981122970581056,0.0028904205672141445,50,50,10,0,"{'max_depth': 50, 'min_samples_leaf': 50, 'n_estimators': 10, 'split_criterion': 0}",0.9839357429718876,1.0,0.9959839357429718,0.9839357429718876,0.9919678714859438,0.9911646586345381,0.006425702811244964,67,0.9756944444444444,1.0,0.9979166666666667,0.9912720097146326,0.9955923291060934,0.9920950899863674,0.008697904048151973,67,0.9736842105263157,1.0,0.9861111111111112,0.9618055555555556,0.9806763285024155,0.9804554411390795,0.012709783408206223,67,0.9731196121221697,1.0,0.9915966386554622,0.9744983934919333,0.9876457470040358,0.9853720782547202,0.010259149701606757,67,0.9856091030789824,1.0,0.9960508701472556,0.9844965776890195,0.9921094834022139,0.9916532068634943,0.0059492036105623525,67,0.9839357429718876,1.0,0.9959839357429718,0.9839357429718876,0.9919678714859438,0.9911646586345381,0.006425702811244964,67,0.9838067850701505,1.0,0.9958826904255678,0.9834018326519093,0.9918408484351402,0.9909864313165535,0.006557762719305388,67
49,0.11951732635498047,0.0033143432032492035,0.018237495422363283,0.0024204377145131558,50,50,10,1,"{'max_depth': 50, 'min_samples_leaf': 50, 'n_estimators': 10, 'split_criterion': 1}",0.9879518072289156,0.9919678714859438,1.0,0.9718875502008032,0.9959839357429718,0.9895582329317267,0.009705257810116124,70,0.9757692307692307,0.9959016393442623,1.0,0.980883431085044,0.9976415094339622,0.9900391621264998,0.009786122487470406,70,0.9802631578947368,0.9722222222222222,1.0,0.9361293859649122,0.9945652173913043,0.9766359966946352,0.0225422129415775,70,0.9767094901023472,0.9822916666666667,1.0,0.9534793136322448,0.996031746031746,0.981702443286601,0.016504249828577126,70,0.9893481618782822,0.9922312199618144,1.0,0.9733285046343734,0.9960597105402743,0.9901935194029488,0.009163785639312576,70,0.9879518072289156,0.9919678714859438,1.0,0.9718875502008032,0.9959839357429718,0.9895582329317267,0.009705257810116124,70,0.9880500736783008,0.991532797858099,1.0,0.9705965990229639,0.9959584369222924,0.989227581496331,0.01015050215745389,70
50,0.5721291542053223,0.006157796372801044,0.017962312698364256,0.0038903911813961333,50,50,50,0,"{'max_depth': 50, 'min_samples_leaf': 50, 'n_estimators': 50, 'split_criterion': 0}",0.9959839357429718,1.0,0.9959839357429718,0.9879518072289156,0.9959839357429718,0.9951807228915662,0.003934923281579411,22,0.995,1.0,0.9979166666666667,0.993287037037037,0.9976415094339622,0.9967690426275333,0.002356743497137153,10,0.993421052631579,1.0,0.9861111111111112,0.9756944444444444,0.9945652173913043,0.9899583651156879,0.008394147010425212,37,0.9940706012134584,1.0,0.9915966386554622,0.9838033654807288,0.996031746031746,0.9931004702762791,0.005400642723261416,22,0.996144578313253,1.0,0.9960508701472556,0.9883162278744607,0.9960597105402743,0.9953142773750487,0.0038135634908712038,55,0.9959839357429718,1.0,0.9959839357429718,0.9879518072289156,0.9959839357429718,0.9951807228915662,0.003934923281579411,22,0.995970644851884,1.0,0.9958826904255678,0.9877517252193779,0.9959584369222924,0.9951126994838244,0.004002845902030746,49
51,0.5595249652862548,0.014370124524452941,0.015215778350830078,0.005325557989714432,50,50,50,1,"{'max_depth': 50, 'min_samples_leaf': 50, 'n_estimators': 50, 'split_criterion': 1}",0.9919678714859438,0.9959839357429718,1.0,0.9799196787148594,0.9959839357429718,0.9927710843373493,0.006909498206459942,64,0.98875,0.9875,1.0,0.9890790272584923,0.9976415094339622,0.9925941073384908,0.005165392391713755,61,0.9820574162679425,0.9978813559322034,1.0,0.9504419191919191,0.9945652173913043,0.9849891817566739,0.018359421980994373,64,0.9849130920559492,0.9923526765632029,1.0,0.9674398178492869,0.996031746031746,0.988147466500037,0.011485609226024573,64,0.9923293172690762,0.9963855421686747,1.0,0.9805509706996586,0.9960597105402743,0.9930651081355368,0.006711641749466275,64,0.9919678714859438,0.9959839357429718,1.0,0.9799196787148594,0.9959839357429718,0.9927710843373493,0.006909498206459942,64,0.991910448020603,0.9960724589767076,1.0,0.9793079180131604,0.9959584369222924,0.9926498523865528,0.007144782279130195,64
52,1.129284429550171,0.024721961382579885,0.018644237518310548,0.0030733509181849776,50,50,100,0,"{'max_depth': 50, 'min_samples_leaf': 50, 'n_estimators': 100, 'split_criterion': 0}",0.9919678714859438,1.0,0.9959839357429718,0.9879518072289156,0.9959839357429718,0.9943775100401606,0.004095598002885774,58,0.9845833333333334,1.0,0.9979166666666667,0.993287037037037,0.9976415094339622,0.9946857092941999,0.005503304640892068,55,0.9868421052631579,1.0,0.9861111111111112,0.9756944444444444,0.9945652173913043,0.9886425756420036,0.008262843107594899,58,0.9852574402263844,1.0,0.9915966386554622,0.9838033654807288,0.996031746031746,0.9913378380788643,0.0061785486019460024,58,0.9924631860776439,1.0,0.9960508701472556,0.9883162278744607,0.9960597105402743,0.9945779989279269,0.003935609855516744,58,0.9919678714859438,1.0,0.9959839357429718,0.9879518072289156,0.9959839357429718,0.9943775100401606,0.004095598002885774,58,0.9919876152009655,1.0,0.9958826904255678,0.9877517252193779,0.9959584369222924,0.9943160935536406,0.00414659023915794,58
53,1.1041635990142822,0.010269824712429087,0.02020864486694336,0.0032174518096809938,50,50,100,1,"{'max_depth': 50, 'min_samples_leaf': 50, 'n_estimators': 100, 'split_criterion': 1}",0.9959839357429718,0.9959839357429718,1.0,0.9839357429718876,1.0,0.9951807228915662,0.005902384922369093,22,0.995,0.9875,1.0,0.9910940545808966,1.0,0.9947188109161793,0.00492160691467156,49,0.993421052631579,0.9978813559322034,1.0,0.9643308080808081,1.0,0.9911266433289182,0.013611613866617299,25,0.9940706012134584,0.9923526765632029,1.0,0.9767447898380823,1.0,0.9926336135229488,0.008522040562510444,31,0.996144578313253,0.9963855421686747,1.0,0.9843706208850999,1.0,0.9953801482734056,0.005753102179446395,25,0.9959839357429718,0.9959839357429718,1.0,0.9839357429718876,1.0,0.9951807228915662,0.005902384922369093,22,0.995970644851884,0.9960724589767076,1.0,0.9836578105806292,1.0,0.9951401828818442,0.006010645960431981,22
54,2.2641822338104247,0.025554073745162362,0.017333507537841797,0.004498067935969981,50,50,200,0,"{'max_depth': 50, 'min_samples_leaf': 50, 'n_estimators': 200, 'split_criterion': 0}",0.9919678714859438,1.0,1.0,0.9879518072289156,0.9959839357429718,0.9951807228915662,0.0046834954978677195,22,0.9845833333333334,1.0,1.0,0.993287037037037,0.9976415094339622,0.9951023759608665,0.005802867471514776,46,0.9868421052631579,1.0,1.0,0.9756944444444444,0.9945652173913043,0.9914203534197814,0.009223615446954709,22,0.9852574402263844,1.0,1.0,0.9838033654807288,0.996031746031746,0.9930185103477719,0.007095281378003219,25,0.9924631860776439,1.0,1.0,0.9883162278744607,0.9960597105402743,0.9953678248984759,0.00450676703086082,31,0.9919678714859438,1.0,1.0,0.9879518072289156,0.9959839357429718,0.9951807228915662,0.0046834954978677195,22,0.9919876152009655,1.0,1.0,0.9877517252193779,0.9959584369222924,0.9951395554685272,0.0047420074264575,28
55,2.2007258415222166,0.023777513373195416,0.019144678115844728,0.0019269633748483085,50,50,200,1,"{'max_depth': 50, 'min_samples_leaf': 50, 'n_estimators': 200, 'split_criterion': 1}",0.9959839357429718,0.9959839357429718,1.0,0.9839357429718876,1.0,0.9951807228915662,0.005902384922369093,22,0.995,0.9875,1.0,0.9910940545808966,1.0,0.9947188109161793,0.00492160691467156,49,0.993421052631579,0.9978813559322034,1.0,0.9643308080808081,1.0,0.9911266433289182,0.013611613866617299,25,0.9940706012134584,0.9923526765632029,1.0,0.9767447898380823,1.0,0.9926336135229488,0.008522040562510444,31,0.996144578313253,0.9963855421686747,1.0,0.9843706208850999,1.0,0.9953801482734056,0.005753102179446395,25,0.9959839357429718,0.9959839357429718,1.0,0.9839357429718876,1.0,0.9951807228915662,0.005902384922369093,22,0.995970644851884,0.9960724589767076,1.0,0.9836578105806292,1.0,0.9951401828818442,0.006010645960431981,22
56,0.10711355209350586,0.0056653162281245706,0.01850781440734863,0.0032328931575914613,50,100,10,0,"{'max_depth': 50, 'min_samples_leaf': 100, 'n_estimators': 10, 'split_criterion': 0}",0.9156626506024096,0.9156626506024096,0.9156626506024096,0.9076305220883534,0.9156626506024096,0.9140562248995984,0.0032128514056224853,88,0.8030822897009207,0.670031969309463,0.6721372010342599,0.6775581367812826,0.6752954949412087,0.6996210183534269,0.05179499693820634,88,0.7416267942583732,0.743421052631579,0.743421052631579,0.7330043859649122,0.7445652173913043,0.7412077005755495,0.004208106080697437,91,0.7187879318394024,0.7029979722269746,0.7033634391480286,0.6993649154449972,0.705730477532803,0.7060489472384412,0.006686999848317186,91,0.902557562554214,0.849671216836656,0.8513189928427348,0.8484140787836388,0.8500981832717801,0.8604120068578048,0.02109322438202515,88,0.9156626506024096,0.9156626506024096,0.9156626506024096,0.9076305220883534,0.9156626506024096,0.9140562248995984,0.0032128514056224853,88,0.8879061530904195,0.8796825562746765,0.8801460821152636,0.8736025342680485,0.8795477625121785,0.8801770176521172,0.004552027624770687,91
57,0.1036233901977539,0.01007030675725745,0.01550593376159668,0.003946675372575466,50,100,10,1,"{'max_depth': 50, 'min_samples_leaf': 100, 'n_estimators': 10, 'split_criterion': 1}",0.9196787148594378,0.9518072289156626,0.9558232931726908,0.891566265060241,0.9116465863453815,0.9261044176706827,0.024441966352936443,76,0.7822174840085288,0.8409558823529412,0.8488404977375565,0.6568239197592913,0.6800690456658463,0.7617813659048328,0.07994810841244525,76,0.7625598086124402,0.8456937799043063,0.861842105263158,0.7080592105263157,0.7379862700228832,0.7832282348658207,0.06034316263272671,73,0.7575149523678935,0.8411333861285019,0.8541972878390202,0.6777616566581778,0.7032142081000958,0.7667642982187378,0.07102242387863736,73,0.8956090459920706,0.9214103472714387,0.9250804121463229,0.8291927524069714,0.8523137120535739,0.8847212539740754,0.038018833464479596,76,0.9196787148594378,0.9518072289156626,0.9558232931726908,0.891566265060241,0.9116465863453815,0.9261044176706827,0.024441966352936443,76,0.9004737945205699,0.9348121276500473,0.9389692453101998,0.8566564613235875,0.8776702640850261,0.9017163785778861,0.03191632957196188,73
58,0.5602023124694824,0.007778449668470186,0.015397262573242188,0.0043068377640965005,50,100,50,0,"{'max_depth': 50, 'min_samples_leaf': 100, 'n_estimators': 50, 'split_criterion': 0}",0.9317269076305221,0.9196787148594378,0.9196787148594378,0.9116465863453815,0.9156626506024096,0.9196787148594376,0.006720160855695404,79,0.8144010416666667,0.686042089249493,0.686042089249493,0.6835298219913091,0.685503828274542,0.7111037740863008,0.051656909785604804,82,0.790296052631579,0.75,0.75,0.7395833333333333,0.7445652173913043,0.7548889206712432,0.01812350924896533,79,0.7791098940924726,0.7118864131345284,0.7118864131345284,0.7062005977517991,0.7092495913093919,0.723666581884544,0.02780077638884515,79,0.9054777443105756,0.8608979528662316,0.8608979528662316,0.8503255833991181,0.8563297763106019,0.8667858019505518,0.019731534173576645,82,0.9317269076305221,0.9196787148594378,0.9196787148594378,0.9116465863453815,0.9156626506024096,0.9196787148594376,0.006720160855695404,79,0.9104283005042839,0.8859684003226845,0.8859684003226845,0.8768689909513322,0.8816959765444736,0.8881860137290918,0.011616802715381689,79
59,0.5446939468383789,0.00860897106912805,0.014472866058349609,0.004005644581473707,50,100,50,1,"{'max_depth': 50, 'min_samples_leaf': 100, 'n_estimators': 50, 'split_criterion': 1}",0.9397590361445783,0.9518072289156626,0.9156626506024096,0.9156626506024096,0.9116465863453815,0.9269076305220884,0.015943319872513424,73,0.8201988958715196,0.8409558823529412,0.6810420892494928,0.8091614506214385,0.6800690456658463,0.7662854727522477,0.07073949882654645,73,0.8098086124401913,0.8456937799043063,0.743421052631579,0.755731658692185,0.7379862700228832,0.7785282747382289,0.04215571492573383,76,0.8089908027988524,0.8411333861285019,0.7059570143479867,0.7430423532712835,0.7032142081000958,0.7604675529293441,0.05552380447574321,76,0.9130062538712063,0.9214103472714387,0.8570425311794847,0.8940148052763544,0.8523137120535739,0.8875575299304115,0.028314798407680093,73,0.9397590361445783,0.9518072289156626,0.9156626506024096,0.9156626506024096,0.9116465863453815,0.9269076305220884,0.015943319872513424,73,0.9233356611102891,0.9348121276500473,0.8819390451745687,0.8890643754718175,0.8776702640850261,0.9013642946983497,0.023201439136044347,76
60,1.104995059967041,0.02465057079792374,0.01344146728515625,0.001900496534479371,50,100,100,0,"{'max_depth': 50, 'min_samples_leaf': 100, 'n_estimators': 100, 'split_criterion': 0}",0.9196787148594378,0.9196787148594378,0.9196787148594378,0.9116465863453815,0.9156626506024096,0.9172690763052209,0.003212851405622491,85,0.6842412935323383,0.686042089249493,0.686042089249493,0.6835298219913091,0.685503828274542,0.685071824459435,0.0010136082137088235,91,0.743421052631579,0.75,0.75,0.7395833333333333,0.7445652173913043,0.7455139206712432,0.00401750709284229,85,0.7080728687871545,0.7118864131345284,0.7118864131345284,0.7062005977517991,0.7092495913093919,0.7094591768234804,0.002207580840877024,88,0.8635685028671902,0.8608979528662316,0.8608979528662316,0.8503255833991181,0.8563297763106019,0.8584039536618746,0.004662079157275512,91,0.9196787148594378,0.9196787148594378,0.9196787148594378,0.9116465863453815,0.9156626506024096,0.9172690763052209,0.003212851405622491,85,0.8874913763037687,0.8859684003226845,0.8859684003226845,0.8768689909513322,0.8816959765444736,0.8835986288889887,0.00388054708635864,88
61,1.0851086616516112,0.01808096659406404,0.015996122360229494,0.0018418548786204776,50,100,100,1,"{'max_depth': 50, 'min_samples_leaf': 100, 'n_estimators': 100, 'split_criterion': 1}",0.9196787148594378,0.927710843373494,0.9116465863453815,0.8995983935742972,0.9116465863453815,0.9140562248995984,0.009366990995735427,88,0.8060071665482114,0.8149943438914027,0.6764267046341083,0.6685298219913092,0.6800690456658463,0.7292054165461755,0.06654284635840681,79,0.7529904306220095,0.777511961722488,0.736842105263158,0.7198464912280702,0.7379862700228832,0.7450354517717217,0.01933551659872544,88,0.7385216334215083,0.7660564893410788,0.699941968690084,0.6881659926053927,0.7032142081000958,0.7191800584316319,0.028838796960637344,85,0.9043430295453313,0.9063964455105489,0.8534836803917183,0.8387593183388772,0.8523137120535739,0.8710592371680098,0.028495995482319295,79,0.9196787148594378,0.927710843373494,0.9116465863453815,0.8995983935742972,0.9116465863453815,0.9140562248995984,0.009366990995735427,88,0.8954214844650178,0.9046471752910555,0.8778737996979634,0.8646839597885266,0.8776702640850261,0.884059336665518,0.01419467398026515,85
62,2.2024351596832275,0.017381647986651896,0.017191600799560548,0.002493328013478372,50,100,200,0,"{'max_depth': 50, 'min_samples_leaf': 100, 'n_estimators': 200, 'split_criterion': 0}",0.9317269076305221,0.9196787148594378,0.9196787148594378,0.9116465863453815,0.9156626506024096,0.9196787148594376,0.006720160855695404,79,0.8144010416666667,0.686042089249493,0.686042089249493,0.6835298219913091,0.685503828274542,0.7111037740863008,0.051656909785604804,82,0.790296052631579,0.75,0.75,0.7395833333333333,0.7445652173913043,0.7548889206712432,0.01812350924896533,79,0.7791098940924726,0.7118864131345284,0.7118864131345284,0.7062005977517991,0.7092495913093919,0.723666581884544,0.02780077638884515,79,0.9054777443105756,0.8608979528662316,0.8608979528662316,0.8503255833991181,0.8563297763106019,0.8667858019505518,0.019731534173576645,82,0.9317269076305221,0.9196787148594378,0.9196787148594378,0.9116465863453815,0.9156626506024096,0.9196787148594376,0.006720160855695404,79,0.9104283005042839,0.8859684003226845,0.8859684003226845,0.8768689909513322,0.8816959765444736,0.8881860137290918,0.011616802715381689,79
63,2.181497669219971,0.028493251057039013,0.014228200912475586,0.0008506013585993004,50,100,200,1,"{'max_depth': 50, 'min_samples_leaf': 100, 'n_estimators': 200, 'split_criterion': 1}",0.9076305220883534,0.9156626506024096,0.9116465863453815,0.8995983935742972,0.9116465863453815,0.9092369477911648,0.005447654604919896,94,0.6713841506751954,0.6810420892494928,0.6764267046341083,0.6685298219913092,0.6800690456658463,0.6754903624431904,0.004857424127037611,94,0.7236842105263158,0.743421052631579,0.736842105263158,0.7198464912280702,0.7379862700228832,0.7323560259344012,0.009010529541484773,94,0.6896810006053703,0.7059570143479867,0.699941968690084,0.6881659926053927,0.7032142081000958,0.6973920368697859,0.007188026744037342,94,0.8536545613869836,0.8570425311794847,0.8534836803917183,0.8387593183388772,0.8523137120535739,0.8510507606701274,0.006344679521630856,94,0.9076305220883534,0.9156626506024096,0.9116465863453815,0.8995983935742972,0.9116465863453815,0.9092369477911648,0.005447654604919896,94,0.8751293741675438,0.8819390451745687,0.8778737996979634,0.8646839597885266,0.8776702640850261,0.8754592885827257,0.005812436257394173,94
64,0.11191458702087402,0.010934045820253063,0.016465377807617188,0.0038122809935383106,100,2,10,0,"{'max_depth': 100, 'min_samples_leaf': 2, 'n_estimators': 10, 'split_criterion': 0}",0.9879518072289156,1.0,1.0,0.9919678714859438,1.0,0.9959839357429718,0.0050799641127202986,7,0.9770574162679426,1.0,1.0,0.9953703703703703,1.0,0.9944855573276626,0.008896631147547143,58,0.9754784688995215,1.0,1.0,0.9895833333333333,1.0,0.9930123604465709,0.009650667327319389,13,0.976128017481401,1.0,1.0,0.9922067268252666,1.0,0.9936669488613334,0.009274362215478667,19,0.9881124497991968,1.0,1.0,0.9922653577272051,1.0,0.9960755615052804,0.0049826188569975175,19,0.9879518072289156,1.0,1.0,0.9919678714859438,1.0,0.9959839357429718,0.0050799641127202986,7,0.9879385163378278,1.0,1.0,0.9918690347938103,1.0,0.9959615102263276,0.0050999016668330475,7
65,0.11478948593139648,0.005741038117910817,0.015846109390258788,0.004085287598615841,100,2,10,1,"{'max_depth': 100, 'min_samples_leaf': 2, 'n_estimators': 10, 'split_criterion': 1}",0.9959839357429718,0.9959839357429718,1.0,0.9839357429718876,1.0,0.9951807228915662,0.005902384922369093,22,0.995,0.993421052631579,1.0,0.9912720097146326,1.0,0.9959386124692422,0.003520966331078777,34,0.993421052631579,0.9886363636363636,1.0,0.9618055555555556,1.0,0.9887725943646997,0.014148902288186828,55,0.9940706012134584,0.9906692406692407,1.0,0.9744983934919333,1.0,0.9918476470749266,0.009383479984269024,55,0.996144578313253,0.9961953075459734,1.0,0.9844965776890195,1.0,0.9953672927096491,0.00569888024465552,34,0.9959839357429718,0.9959839357429718,1.0,0.9839357429718876,1.0,0.9951807228915662,0.005902384922369093,22,0.995970644851884,0.9959425863040321,1.0,0.9834018326519093,1.0,0.995063012761565,0.006104559822997155,55
66,0.5745201587677002,0.009504028960066217,0.0228701114654541,0.004744512743416308,100,2,50,0,"{'max_depth': 100, 'min_samples_leaf': 2, 'n_estimators': 50, 'split_criterion': 0}",0.9959839357429718,1.0,1.0,0.9879518072289156,1.0,0.9967871485943774,0.004683495497867727,1,0.995,1.0,1.0,0.993287037037037,1.0,0.9976574074074074,0.0029197661367912396,1,0.993421052631579,1.0,1.0,0.9756944444444444,1.0,0.9938230994152046,0.009415647350750013,1,0.9940706012134584,1.0,1.0,0.9838033654807288,1.0,0.9955747933388374,0.00631785517008267,1,0.996144578313253,1.0,1.0,0.9883162278744607,1.0,0.9968921612375429,0.004540517560741475,1,0.9959839357429718,1.0,1.0,0.9879518072289156,1.0,0.9967871485943774,0.004683495497867727,1,0.995970644851884,1.0,1.0,0.9877517252193779,1.0,0.9967444740142524,0.004759489274951287,1
67,0.5588232994079589,0.007022567449827751,0.021205568313598634,0.004021229041777081,100,2,50,1,"{'max_depth': 100, 'min_samples_leaf': 2, 'n_estimators': 50, 'split_criterion': 1}",0.9919678714859438,1.0,1.0,0.9839357429718876,1.0,0.9951807228915662,0.0064257028112449715,22,0.98875,1.0,1.0,0.9910940545808966,1.0,0.9959688109161793,0.004992513127884061,22,0.9820574162679425,1.0,1.0,0.9643308080808081,1.0,0.98927764486975,0.014278536797964005,43,0.9849130920559492,1.0,1.0,0.9767447898380823,1.0,0.9923315763788063,0.00974059532900135,40,0.9923293172690762,1.0,1.0,0.9843706208850999,1.0,0.9953399876308353,0.00623760031858286,43,0.9919678714859438,1.0,1.0,0.9839357429718876,1.0,0.9951807228915662,0.0064257028112449715,22,0.991910448020603,1.0,1.0,0.9836578105806292,1.0,0.9951136517202464,0.006528797878487407,37
68,1.1504853248596192,0.015530353903533177,0.029071474075317384,0.0019329034049305688,100,2,100,0,"{'max_depth': 100, 'min_samples_leaf': 2, 'n_estimators': 100, 'split_criterion': 0}",0.9959839357429718,1.0,1.0,0.9879518072289156,1.0,0.9967871485943774,0.004683495497867727,1,0.995,1.0,1.0,0.993287037037037,1.0,0.9976574074074074,0.0029197661367912396,1,0.993421052631579,1.0,1.0,0.9756944444444444,1.0,0.9938230994152046,0.009415647350750013,1,0.9940706012134584,1.0,1.0,0.9838033654807288,1.0,0.9955747933388374,0.00631785517008267,1,0.996144578313253,1.0,1.0,0.9883162278744607,1.0,0.9968921612375429,0.004540517560741475,1,0.9959839357429718,1.0,1.0,0.9879518072289156,1.0,0.9967871485943774,0.004683495497867727,1,0.995970644851884,1.0,1.0,0.9877517252193779,1.0,0.9967444740142524,0.004759489274951287,1
69,1.109621238708496,0.008887441471704975,0.015921831130981445,0.0016667892417512118,100,2,100,1,"{'max_depth': 100, 'min_samples_leaf': 2, 'n_estimators': 100, 'split_criterion': 1}",0.9919678714859438,1.0,1.0,0.9839357429718876,1.0,0.9951807228915662,0.0064257028112449715,22,0.98875,1.0,1.0,0.9910940545808966,1.0,0.9959688109161793,0.004992513127884061,22,0.9820574162679425,1.0,1.0,0.9643308080808081,1.0,0.98927764486975,0.014278536797964005,43,0.9849130920559492,1.0,1.0,0.9767447898380823,1.0,0.9923315763788063,0.00974059532900135,40,0.9923293172690762,1.0,1.0,0.9843706208850999,1.0,0.9953399876308353,0.00623760031858286,43,0.9919678714859438,1.0,1.0,0.9839357429718876,1.0,0.9951807228915662,0.0064257028112449715,22,0.991910448020603,1.0,1.0,0.9836578105806292,1.0,0.9951136517202464,0.006528797878487407,37
70,2.2884549617767336,0.017704988603654003,0.03530220985412598,0.006508713360374126,100,2,200,0,"{'max_depth': 100, 'min_samples_leaf': 2, 'n_estimators': 200, 'split_criterion': 0}",0.9959839357429718,0.9959839357429718,1.0,0.9879518072289156,1.0,0.9959839357429718,0.004399377971929059,7,0.995,0.993421052631579,1.0,0.993287037037037,1.0,0.9963416179337232,0.0030472158933783477,13,0.993421052631579,0.9886363636363636,1.0,0.9756944444444444,1.0,0.9915503721424773,0.00901325419693134,16,0.9940706012134584,0.9906692406692407,1.0,0.9838033654807288,1.0,0.9937086414726857,0.0061097602050028356,16,0.996144578313253,0.9961953075459734,1.0,0.9883162278744607,1.0,0.9961312227467374,0.004266457663145976,13,0.9959839357429718,0.9959839357429718,1.0,0.9879518072289156,1.0,0.9959839357429718,0.004399377971929059,7,0.995970644851884,0.9959425863040321,1.0,0.9877517252193779,1.0,0.9959329912750589,0.004472487989201546,16
71,2.2365994453430176,0.025338577574405646,0.016002511978149413,0.0027879040789459946,100,2,200,1,"{'max_depth': 100, 'min_samples_leaf': 2, 'n_estimators': 200, 'split_criterion': 1}",0.9919678714859438,1.0,1.0,0.9839357429718876,1.0,0.9951807228915662,0.0064257028112449715,22,0.98875,1.0,1.0,0.9910940545808966,1.0,0.9959688109161793,0.004992513127884061,22,0.9820574162679425,1.0,1.0,0.9643308080808081,1.0,0.98927764486975,0.014278536797964005,43,0.9849130920559492,1.0,1.0,0.9767447898380823,1.0,0.9923315763788063,0.00974059532900135,40,0.9923293172690762,1.0,1.0,0.9843706208850999,1.0,0.9953399876308353,0.00623760031858286,43,0.9919678714859438,1.0,1.0,0.9839357429718876,1.0,0.9951807228915662,0.0064257028112449715,22,0.991910448020603,1.0,1.0,0.9836578105806292,1.0,0.9951136517202464,0.006528797878487407,37
72,0.12355842590332031,0.004511120196004656,0.022697067260742186,0.00733273944742629,100,10,10,0,"{'max_depth': 100, 'min_samples_leaf': 10, 'n_estimators': 10, 'split_criterion': 0}",0.9879518072289156,0.9959839357429718,1.0,0.9879518072289156,0.9959839357429718,0.9935742971887549,0.004819277108433743,61,0.9770574162679426,0.993421052631579,1.0,0.993287037037037,0.9976415094339622,0.9922814030741043,0.008029786469749702,64,0.9754784688995215,0.993421052631579,1.0,0.9756944444444444,0.9945652173913043,0.9878318366733699,0.01024269432462409,61,0.976128017481401,0.9932432432432432,1.0,0.9838033654807288,0.996031746031746,0.9898412744474239,0.008690279584488224,61,0.9881124497991968,0.9961953075459734,1.0,0.9883162278744607,0.9960597105402743,0.993736739151981,0.004726177404682606,61,0.9879518072289156,0.9959839357429718,1.0,0.9879518072289156,0.9959839357429718,0.9935742971887549,0.004819277108433743,61,0.9879385163378278,0.9959839357429718,1.0,0.9877517252193779,0.9959584369222924,0.9935265228444938,0.004866890075763927,61
73,0.13388347625732422,0.012487530355418072,0.01805882453918457,0.004638184175530577,100,10,10,1,"{'max_depth': 100, 'min_samples_leaf': 10, 'n_estimators': 10, 'split_criterion': 1}",0.9919678714859438,1.0,1.0,0.9839357429718876,1.0,0.9951807228915662,0.0064257028112449715,22,0.9845833333333334,1.0,1.0,0.9912720097146326,1.0,0.9951710686095933,0.006281059363933712,40,0.9868421052631579,1.0,1.0,0.9618055555555556,1.0,0.9897295321637427,0.014862928597336324,40,0.9852574402263844,1.0,1.0,0.9744983934919333,1.0,0.9919511667436636,0.010428388362823456,52,0.9924631860776439,1.0,1.0,0.9844965776890195,1.0,0.9953919527533326,0.006180439633476507,22,0.9919678714859438,1.0,1.0,0.9839357429718876,1.0,0.9951807228915662,0.0064257028112449715,22,0.9919876152009655,1.0,1.0,0.9834018326519093,1.0,0.995077889570575,0.006611529536888576,52
74,0.5899601459503174,0.0021205419595646475,0.01873621940612793,0.004957472808604751,100,10,50,0,"{'max_depth': 100, 'min_samples_leaf': 10, 'n_estimators': 50, 'split_criterion': 0}",0.9959839357429718,0.9959839357429718,1.0,0.9919678714859438,0.9959839357429718,0.9959839357429718,0.0025399820563601406,7,0.995,0.993421052631579,1.0,0.9953703703703703,0.9976415094339622,0.9962865864871823,0.0022948332030107463,16,0.993421052631579,0.9886363636363636,1.0,0.9895833333333333,0.9945652173913043,0.9932411933985161,0.00405095674991288,7,0.9940706012134584,0.9906692406692407,1.0,0.9922067268252666,0.996031746031746,0.9945956629479422,0.003245572095324945,7,0.996144578313253,0.9961953075459734,1.0,0.9922653577272051,0.9960597105402743,0.9961329908253411,0.0024462924347844754,7,0.9959839357429718,0.9959839357429718,1.0,0.9919678714859438,0.9959839357429718,0.9959839357429718,0.0025399820563601406,7,0.995970644851884,0.9959425863040321,1.0,0.9918690347938103,0.9959584369222924,0.9959481405744037,0.0025712764177065195,10
75,0.5671534538269043,0.010633588417088403,0.015241384506225586,0.003346001345720571,100,10,50,1,"{'max_depth': 100, 'min_samples_leaf': 10, 'n_estimators': 50, 'split_criterion': 1}",0.9919678714859438,1.0,1.0,0.9839357429718876,1.0,0.9951807228915662,0.0064257028112449715,22,0.9845833333333334,1.0,1.0,0.9910940545808966,1.0,0.9951354775828459,0.006303516212150003,43,0.9868421052631579,1.0,1.0,0.9643308080808081,1.0,0.990234582668793,0.013918366052168575,34,0.9852574402263844,1.0,1.0,0.9767447898380823,1.0,0.9924004460128935,0.009688981002549696,37,0.9924631860776439,1.0,1.0,0.9843706208850999,1.0,0.9953667613925488,0.006224894467372332,37,0.9919678714859438,1.0,1.0,0.9839357429718876,1.0,0.9951807228915662,0.0064257028112449715,22,0.9919876152009655,1.0,1.0,0.9836578105806292,1.0,0.995129085156319,0.0065212944744802385,31
76,1.1550155639648438,0.013453627995466125,0.015687322616577147,0.005790896507743269,100,10,100,0,"{'max_depth': 100, 'min_samples_leaf': 10, 'n_estimators': 100, 'split_criterion': 0}",0.9959839357429718,0.9959839357429718,1.0,0.9919678714859438,0.9959839357429718,0.9959839357429718,0.0025399820563601406,7,0.995,0.993421052631579,1.0,0.9953703703703703,0.9976415094339622,0.9962865864871823,0.0022948332030107463,16,0.993421052631579,0.9886363636363636,1.0,0.9895833333333333,0.9945652173913043,0.9932411933985161,0.00405095674991288,7,0.9940706012134584,0.9906692406692407,1.0,0.9922067268252666,0.996031746031746,0.9945956629479422,0.003245572095324945,7,0.996144578313253,0.9961953075459734,1.0,0.9922653577272051,0.9960597105402743,0.9961329908253411,0.0024462924347844754,7,0.9959839357429718,0.9959839357429718,1.0,0.9919678714859438,0.9959839357429718,0.9959839357429718,0.0025399820563601406,7,0.995970644851884,0.9959425863040321,1.0,0.9918690347938103,0.9959584369222924,0.9959481405744037,0.0025712764177065195,10
77,1.1186195373535157,0.012679510788327323,0.023438262939453124,0.006274760258164587,100,10,100,1,"{'max_depth': 100, 'min_samples_leaf': 10, 'n_estimators': 100, 'split_criterion': 1}",0.9959839357429718,1.0,1.0,0.9839357429718876,1.0,0.9959839357429718,0.006221659993907488,7,0.995,1.0,1.0,0.9910940545808966,1.0,0.9972188109161794,0.0036232802874807284,7,0.993421052631579,1.0,1.0,0.9643308080808081,1.0,0.9915503721424773,0.013846246754925986,16,0.9940706012134584,1.0,1.0,0.9767447898380823,1.0,0.9941630782103081,0.009006822855479086,13,0.996144578313253,1.0,1.0,0.9843706208850999,1.0,0.9961030398396705,0.006053268132900476,16,0.9959839357429718,1.0,1.0,0.9839357429718876,1.0,0.9959839357429718,0.006221659993907488,7,0.995970644851884,1.0,1.0,0.9836578105806292,1.0,0.9959256910865026,0.0063293426564726965,19
78,2.299561882019043,0.018932474802746704,0.0210904598236084,0.004878177979852533,100,10,200,0,"{'max_depth': 100, 'min_samples_leaf': 10, 'n_estimators': 200, 'split_criterion': 0}",0.9959839357429718,0.9959839357429718,1.0,0.9879518072289156,0.9959839357429718,0.9951807228915662,0.003934923281579411,22,0.995,0.993421052631579,1.0,0.993287037037037,0.9976415094339622,0.9958699198205156,0.002593109582096683,37,0.993421052631579,0.9886363636363636,1.0,0.9756944444444444,0.9945652173913043,0.9904634156207383,0.00822167214908863,31,0.9940706012134584,0.9906692406692407,1.0,0.9838033654807288,0.996031746031746,0.9929149906790347,0.005464651197926256,28,0.996144578313253,0.9961953075459734,1.0,0.9883162278744607,0.9960597105402743,0.9953431648547924,0.003819576031763508,40,0.9959839357429718,0.9959839357429718,1.0,0.9879518072289156,0.9959839357429718,0.9951807228915662,0.003934923281579411,22,0.995970644851884,0.9959425863040321,1.0,0.9877517252193779,0.9959584369222924,0.9951246786595173,0.004005221221299964,34
79,2.249238204956055,0.03973623507504728,0.019885492324829102,0.0045535719861918185,100,10,200,1,"{'max_depth': 100, 'min_samples_leaf': 10, 'n_estimators': 200, 'split_criterion': 1}",0.9919678714859438,1.0,1.0,0.9839357429718876,1.0,0.9951807228915662,0.0064257028112449715,22,0.98875,1.0,1.0,0.9910940545808966,1.0,0.9959688109161793,0.004992513127884061,22,0.9820574162679425,1.0,1.0,0.9643308080808081,1.0,0.98927764486975,0.014278536797964005,43,0.9849130920559492,1.0,1.0,0.9767447898380823,1.0,0.9923315763788063,0.00974059532900135,40,0.9923293172690762,1.0,1.0,0.9843706208850999,1.0,0.9953399876308353,0.00623760031858286,43,0.9919678714859438,1.0,1.0,0.9839357429718876,1.0,0.9951807228915662,0.0064257028112449715,22,0.991910448020603,1.0,1.0,0.9836578105806292,1.0,0.9951136517202464,0.006528797878487407,37
80,0.1167020320892334,0.00990676346883568,0.019480323791503905,0.0029613680565925182,100,50,10,0,"{'max_depth': 100, 'min_samples_leaf': 50, 'n_estimators': 10, 'split_criterion': 0}",0.9839357429718876,1.0,0.9959839357429718,0.9839357429718876,0.9919678714859438,0.9911646586345381,0.006425702811244964,67,0.9756944444444444,1.0,0.9979166666666667,0.9912720097146326,0.9955923291060934,0.9920950899863674,0.008697904048151973,67,0.9736842105263157,1.0,0.9861111111111112,0.9618055555555556,0.9806763285024155,0.9804554411390795,0.012709783408206223,67,0.9731196121221697,1.0,0.9915966386554622,0.9744983934919333,0.9876457470040358,0.9853720782547202,0.010259149701606757,67,0.9856091030789824,1.0,0.9960508701472556,0.9844965776890195,0.9921094834022139,0.9916532068634943,0.0059492036105623525,67,0.9839357429718876,1.0,0.9959839357429718,0.9839357429718876,0.9919678714859438,0.9911646586345381,0.006425702811244964,67,0.9838067850701505,1.0,0.9958826904255678,0.9834018326519093,0.9918408484351402,0.9909864313165535,0.006557762719305388,67
81,0.12415828704833984,0.005864484601104992,0.017502355575561523,0.0030597430728851248,100,50,10,1,"{'max_depth': 100, 'min_samples_leaf': 50, 'n_estimators': 10, 'split_criterion': 1}",0.9879518072289156,0.9919678714859438,1.0,0.9718875502008032,0.9959839357429718,0.9895582329317267,0.009705257810116124,70,0.9757692307692307,0.9959016393442623,1.0,0.980883431085044,0.9976415094339622,0.9900391621264998,0.009786122487470406,70,0.9802631578947368,0.9722222222222222,1.0,0.9361293859649122,0.9945652173913043,0.9766359966946352,0.0225422129415775,70,0.9767094901023472,0.9822916666666667,1.0,0.9534793136322448,0.996031746031746,0.981702443286601,0.016504249828577126,70,0.9893481618782822,0.9922312199618144,1.0,0.9733285046343734,0.9960597105402743,0.9901935194029488,0.009163785639312576,70,0.9879518072289156,0.9919678714859438,1.0,0.9718875502008032,0.9959839357429718,0.9895582329317267,0.009705257810116124,70,0.9880500736783008,0.991532797858099,1.0,0.9705965990229639,0.9959584369222924,0.989227581496331,0.01015050215745389,70
82,0.5637219905853271,0.013754020795479415,0.016706562042236327,0.0030009918696545525,100,50,50,0,"{'max_depth': 100, 'min_samples_leaf': 50, 'n_estimators': 50, 'split_criterion': 0}",0.9959839357429718,1.0,0.9959839357429718,0.9879518072289156,0.9959839357429718,0.9951807228915662,0.003934923281579411,22,0.995,1.0,0.9979166666666667,0.993287037037037,0.9976415094339622,0.9967690426275333,0.002356743497137153,10,0.993421052631579,1.0,0.9861111111111112,0.9756944444444444,0.9945652173913043,0.9899583651156879,0.008394147010425212,37,0.9940706012134584,1.0,0.9915966386554622,0.9838033654807288,0.996031746031746,0.9931004702762791,0.005400642723261416,22,0.996144578313253,1.0,0.9960508701472556,0.9883162278744607,0.9960597105402743,0.9953142773750487,0.0038135634908712038,55,0.9959839357429718,1.0,0.9959839357429718,0.9879518072289156,0.9959839357429718,0.9951807228915662,0.003934923281579411,22,0.995970644851884,1.0,0.9958826904255678,0.9877517252193779,0.9959584369222924,0.9951126994838244,0.004002845902030746,49
83,0.5507242202758789,0.012709577253656424,0.016245031356811525,0.0025176385019430934,100,50,50,1,"{'max_depth': 100, 'min_samples_leaf': 50, 'n_estimators': 50, 'split_criterion': 1}",0.9919678714859438,0.9959839357429718,1.0,0.9799196787148594,0.9959839357429718,0.9927710843373493,0.006909498206459942,64,0.98875,0.9875,1.0,0.9890790272584923,0.9976415094339622,0.9925941073384908,0.005165392391713755,61,0.9820574162679425,0.9978813559322034,1.0,0.9504419191919191,0.9945652173913043,0.9849891817566739,0.018359421980994373,64,0.9849130920559492,0.9923526765632029,1.0,0.9674398178492869,0.996031746031746,0.988147466500037,0.011485609226024573,64,0.9923293172690762,0.9963855421686747,1.0,0.9805509706996586,0.9960597105402743,0.9930651081355368,0.006711641749466275,64,0.9919678714859438,0.9959839357429718,1.0,0.9799196787148594,0.9959839357429718,0.9927710843373493,0.006909498206459942,64,0.991910448020603,0.9960724589767076,1.0,0.9793079180131604,0.9959584369222924,0.9926498523865528,0.007144782279130195,64
84,1.1261042594909667,0.0190833299410566,0.01632723808288574,0.001906781652341713,100,50,100,0,"{'max_depth': 100, 'min_samples_leaf': 50, 'n_estimators': 100, 'split_criterion': 0}",0.9919678714859438,1.0,0.9959839357429718,0.9879518072289156,0.9959839357429718,0.9943775100401606,0.004095598002885774,58,0.9845833333333334,1.0,0.9979166666666667,0.993287037037037,0.9976415094339622,0.9946857092941999,0.005503304640892068,55,0.9868421052631579,1.0,0.9861111111111112,0.9756944444444444,0.9945652173913043,0.9886425756420036,0.008262843107594899,58,0.9852574402263844,1.0,0.9915966386554622,0.9838033654807288,0.996031746031746,0.9913378380788643,0.0061785486019460024,58,0.9924631860776439,1.0,0.9960508701472556,0.9883162278744607,0.9960597105402743,0.9945779989279269,0.003935609855516744,58,0.9919678714859438,1.0,0.9959839357429718,0.9879518072289156,0.9959839357429718,0.9943775100401606,0.004095598002885774,58,0.9919876152009655,1.0,0.9958826904255678,0.9877517252193779,0.9959584369222924,0.9943160935536406,0.00414659023915794,58
85,1.0978745460510253,0.007855336067706926,0.017813825607299806,0.0022966613731562066,100,50,100,1,"{'max_depth': 100, 'min_samples_leaf': 50, 'n_estimators': 100, 'split_criterion': 1}",0.9959839357429718,0.9959839357429718,1.0,0.9839357429718876,1.0,0.9951807228915662,0.005902384922369093,22,0.995,0.9875,1.0,0.9910940545808966,1.0,0.9947188109161793,0.00492160691467156,49,0.993421052631579,0.9978813559322034,1.0,0.9643308080808081,1.0,0.9911266433289182,0.013611613866617299,25,0.9940706012134584,0.9923526765632029,1.0,0.9767447898380823,1.0,0.9926336135229488,0.008522040562510444,31,0.996144578313253,0.9963855421686747,1.0,0.9843706208850999,1.0,0.9953801482734056,0.005753102179446395,25,0.9959839357429718,0.9959839357429718,1.0,0.9839357429718876,1.0,0.9951807228915662,0.005902384922369093,22,0.995970644851884,0.9960724589767076,1.0,0.9836578105806292,1.0,0.9951401828818442,0.006010645960431981,22
86,2.241843271255493,0.01863318321037598,0.018245410919189454,0.0008535088422082797,100,50,200,0,"{'max_depth': 100, 'min_samples_leaf': 50, 'n_estimators': 200, 'split_criterion': 0}",0.9919678714859438,1.0,1.0,0.9879518072289156,0.9959839357429718,0.9951807228915662,0.0046834954978677195,22,0.9845833333333334,1.0,1.0,0.993287037037037,0.9976415094339622,0.9951023759608665,0.005802867471514776,46,0.9868421052631579,1.0,1.0,0.9756944444444444,0.9945652173913043,0.9914203534197814,0.009223615446954709,22,0.9852574402263844,1.0,1.0,0.9838033654807288,0.996031746031746,0.9930185103477719,0.007095281378003219,25,0.9924631860776439,1.0,1.0,0.9883162278744607,0.9960597105402743,0.9953678248984759,0.00450676703086082,31,0.9919678714859438,1.0,1.0,0.9879518072289156,0.9959839357429718,0.9951807228915662,0.0046834954978677195,22,0.9919876152009655,1.0,1.0,0.9877517252193779,0.9959584369222924,0.9951395554685272,0.0047420074264575,28
87,2.19016580581665,0.025023087855994573,0.019202280044555663,0.004566339334184285,100,50,200,1,"{'max_depth': 100, 'min_samples_leaf': 50, 'n_estimators': 200, 'split_criterion': 1}",0.9959839357429718,0.9959839357429718,1.0,0.9839357429718876,1.0,0.9951807228915662,0.005902384922369093,22,0.995,0.9875,1.0,0.9910940545808966,1.0,0.9947188109161793,0.00492160691467156,49,0.993421052631579,0.9978813559322034,1.0,0.9643308080808081,1.0,0.9911266433289182,0.013611613866617299,25,0.9940706012134584,0.9923526765632029,1.0,0.9767447898380823,1.0,0.9926336135229488,0.008522040562510444,31,0.996144578313253,0.9963855421686747,1.0,0.9843706208850999,1.0,0.9953801482734056,0.005753102179446395,25,0.9959839357429718,0.9959839357429718,1.0,0.9839357429718876,1.0,0.9951807228915662,0.005902384922369093,22,0.995970644851884,0.9960724589767076,1.0,0.9836578105806292,1.0,0.9951401828818442,0.006010645960431981,22
88,0.10987648963928223,0.00780625523255513,0.022849655151367186,0.006573589336610145,100,100,10,0,"{'max_depth': 100, 'min_samples_leaf': 100, 'n_estimators': 10, 'split_criterion': 0}",0.9156626506024096,0.9156626506024096,0.9156626506024096,0.9076305220883534,0.9156626506024096,0.9140562248995984,0.0032128514056224853,88,0.8030822897009207,0.670031969309463,0.6721372010342599,0.6775581367812826,0.6752954949412087,0.6996210183534269,0.05179499693820634,88,0.7416267942583732,0.743421052631579,0.743421052631579,0.7330043859649122,0.7445652173913043,0.7412077005755495,0.004208106080697437,91,0.7187879318394024,0.7029979722269746,0.7033634391480286,0.6993649154449972,0.705730477532803,0.7060489472384412,0.006686999848317186,91,0.902557562554214,0.849671216836656,0.8513189928427348,0.8484140787836388,0.8500981832717801,0.8604120068578048,0.02109322438202515,88,0.9156626506024096,0.9156626506024096,0.9156626506024096,0.9076305220883534,0.9156626506024096,0.9140562248995984,0.0032128514056224853,88,0.8879061530904195,0.8796825562746765,0.8801460821152636,0.8736025342680485,0.8795477625121785,0.8801770176521172,0.004552027624770687,91
89,0.11947731971740723,0.006219910895928305,0.02165875434875488,0.005950323714954331,100,100,10,1,"{'max_depth': 100, 'min_samples_leaf': 100, 'n_estimators': 10, 'split_criterion': 1}",0.9196787148594378,0.9518072289156626,0.9558232931726908,0.891566265060241,0.9116465863453815,0.9261044176706827,0.024441966352936443,76,0.7822174840085288,0.8409558823529412,0.8488404977375565,0.6568239197592913,0.6800690456658463,0.7617813659048328,0.07994810841244525,76,0.7625598086124402,0.8456937799043063,0.861842105263158,0.7080592105263157,0.7379862700228832,0.7832282348658207,0.06034316263272671,73,0.7575149523678935,0.8411333861285019,0.8541972878390202,0.6777616566581778,0.7032142081000958,0.7667642982187378,0.07102242387863736,73,0.8956090459920706,0.9214103472714387,0.9250804121463229,0.8291927524069714,0.8523137120535739,0.8847212539740754,0.038018833464479596,76,0.9196787148594378,0.9518072289156626,0.9558232931726908,0.891566265060241,0.9116465863453815,0.9261044176706827,0.024441966352936443,76,0.9004737945205699,0.9348121276500473,0.9389692453101998,0.8566564613235875,0.8776702640850261,0.9017163785778861,0.03191632957196188,73
90,0.5566383361816406,0.006993610285701041,0.016872453689575195,0.0034664746119171005,100,100,50,0,"{'max_depth': 100, 'min_samples_leaf': 100, 'n_estimators': 50, 'split_criterion': 0}",0.9317269076305221,0.9196787148594378,0.9196787148594378,0.9116465863453815,0.9156626506024096,0.9196787148594376,0.006720160855695404,79,0.8144010416666667,0.686042089249493,0.686042089249493,0.6835298219913091,0.685503828274542,0.7111037740863008,0.051656909785604804,82,0.790296052631579,0.75,0.75,0.7395833333333333,0.7445652173913043,0.7548889206712432,0.01812350924896533,79,0.7791098940924726,0.7118864131345284,0.7118864131345284,0.7062005977517991,0.7092495913093919,0.723666581884544,0.02780077638884515,79,0.9054777443105756,0.8608979528662316,0.8608979528662316,0.8503255833991181,0.8563297763106019,0.8667858019505518,0.019731534173576645,82,0.9317269076305221,0.9196787148594378,0.9196787148594378,0.9116465863453815,0.9156626506024096,0.9196787148594376,0.006720160855695404,79,0.9104283005042839,0.8859684003226845,0.8859684003226845,0.8768689909513322,0.8816959765444736,0.8881860137290918,0.011616802715381689,79
91,0.5510377883911133,0.008394236175667275,0.01951179504394531,0.006301161644880162,100,100,50,1,"{'max_depth': 100, 'min_samples_leaf': 100, 'n_estimators': 50, 'split_criterion': 1}",0.9397590361445783,0.9518072289156626,0.9156626506024096,0.9156626506024096,0.9116465863453815,0.9269076305220884,0.015943319872513424,73,0.8201988958715196,0.8409558823529412,0.6810420892494928,0.8091614506214385,0.6800690456658463,0.7662854727522477,0.07073949882654645,73,0.8098086124401913,0.8456937799043063,0.743421052631579,0.755731658692185,0.7379862700228832,0.7785282747382289,0.04215571492573383,76,0.8089908027988524,0.8411333861285019,0.7059570143479867,0.7430423532712835,0.7032142081000958,0.7604675529293441,0.05552380447574321,76,0.9130062538712063,0.9214103472714387,0.8570425311794847,0.8940148052763544,0.8523137120535739,0.8875575299304115,0.028314798407680093,73,0.9397590361445783,0.9518072289156626,0.9156626506024096,0.9156626506024096,0.9116465863453815,0.9269076305220884,0.015943319872513424,73,0.9233356611102891,0.9348121276500473,0.8819390451745687,0.8890643754718175,0.8776702640850261,0.9013642946983497,0.023201439136044347,76
92,1.1178327560424806,0.006198136205064804,0.016780281066894533,0.00528522990265215,100,100,100,0,"{'max_depth': 100, 'min_samples_leaf': 100, 'n_estimators': 100, 'split_criterion': 0}",0.9196787148594378,0.9196787148594378,0.9196787148594378,0.9116465863453815,0.9156626506024096,0.9172690763052209,0.003212851405622491,85,0.6842412935323383,0.686042089249493,0.686042089249493,0.6835298219913091,0.685503828274542,0.685071824459435,0.0010136082137088235,91,0.743421052631579,0.75,0.75,0.7395833333333333,0.7445652173913043,0.7455139206712432,0.00401750709284229,85,0.7080728687871545,0.7118864131345284,0.7118864131345284,0.7062005977517991,0.7092495913093919,0.7094591768234804,0.002207580840877024,88,0.8635685028671902,0.8608979528662316,0.8608979528662316,0.8503255833991181,0.8563297763106019,0.8584039536618746,0.004662079157275512,91,0.9196787148594378,0.9196787148594378,0.9196787148594378,0.9116465863453815,0.9156626506024096,0.9172690763052209,0.003212851405622491,85,0.8874913763037687,0.8859684003226845,0.8859684003226845,0.8768689909513322,0.8816959765444736,0.8835986288889887,0.00388054708635864,88
93,1.092289972305298,0.004413627262911106,0.016519880294799803,0.0022024004254662115,100,100,100,1,"{'max_depth': 100, 'min_samples_leaf': 100, 'n_estimators': 100, 'split_criterion': 1}",0.9196787148594378,0.927710843373494,0.9116465863453815,0.8995983935742972,0.9116465863453815,0.9140562248995984,0.009366990995735427,88,0.8060071665482114,0.8149943438914027,0.6764267046341083,0.6685298219913092,0.6800690456658463,0.7292054165461755,0.06654284635840681,79,0.7529904306220095,0.777511961722488,0.736842105263158,0.7198464912280702,0.7379862700228832,0.7450354517717217,0.01933551659872544,88,0.7385216334215083,0.7660564893410788,0.699941968690084,0.6881659926053927,0.7032142081000958,0.7191800584316319,0.028838796960637344,85,0.9043430295453313,0.9063964455105489,0.8534836803917183,0.8387593183388772,0.8523137120535739,0.8710592371680098,0.028495995482319295,79,0.9196787148594378,0.927710843373494,0.9116465863453815,0.8995983935742972,0.9116465863453815,0.9140562248995984,0.009366990995735427,88,0.8954214844650178,0.9046471752910555,0.8778737996979634,0.8646839597885266,0.8776702640850261,0.884059336665518,0.01419467398026515,85
94,2.21706109046936,0.019639454652357648,0.015374851226806641,0.0023904060303460567,100,100,200,0,"{'max_depth': 100, 'min_samples_leaf': 100, 'n_estimators': 200, 'split_criterion': 0}",0.9317269076305221,0.9196787148594378,0.9196787148594378,0.9116465863453815,0.9156626506024096,0.9196787148594376,0.006720160855695404,79,0.8144010416666667,0.686042089249493,0.686042089249493,0.6835298219913091,0.685503828274542,0.7111037740863008,0.051656909785604804,82,0.790296052631579,0.75,0.75,0.7395833333333333,0.7445652173913043,0.7548889206712432,0.01812350924896533,79,0.7791098940924726,0.7118864131345284,0.7118864131345284,0.7062005977517991,0.7092495913093919,0.723666581884544,0.02780077638884515,79,0.9054777443105756,0.8608979528662316,0.8608979528662316,0.8503255833991181,0.8563297763106019,0.8667858019505518,0.019731534173576645,82,0.9317269076305221,0.9196787148594378,0.9196787148594378,0.9116465863453815,0.9156626506024096,0.9196787148594376,0.006720160855695404,79,0.9104283005042839,0.8859684003226845,0.8859684003226845,0.8768689909513322,0.8816959765444736,0.8881860137290918,0.011616802715381689,79
95,2.1775078773498535,0.02435528483132771,0.017997169494628908,0.004535021307198995,100,100,200,1,"{'max_depth': 100, 'min_samples_leaf': 100, 'n_estimators': 200, 'split_criterion': 1}",0.9076305220883534,0.9156626506024096,0.9116465863453815,0.8995983935742972,0.9116465863453815,0.9092369477911648,0.005447654604919896,94,0.6713841506751954,0.6810420892494928,0.6764267046341083,0.6685298219913092,0.6800690456658463,0.6754903624431904,0.004857424127037611,94,0.7236842105263158,0.743421052631579,0.736842105263158,0.7198464912280702,0.7379862700228832,0.7323560259344012,0.009010529541484773,94,0.6896810006053703,0.7059570143479867,0.699941968690084,0.6881659926053927,0.7032142081000958,0.6973920368697859,0.007188026744037342,94,0.8536545613869836,0.8570425311794847,0.8534836803917183,0.8387593183388772,0.8523137120535739,0.8510507606701274,0.006344679521630856,94,0.9076305220883534,0.9156626506024096,0.9116465863453815,0.8995983935742972,0.9116465863453815,0.9092369477911648,0.005447654604919896,94,0.8751293741675438,0.8819390451745687,0.8778737996979634,0.8646839597885266,0.8776702640850261,0.8754592885827257,0.005812436257394173,94
